-- phpMyAdmin SQL Dump
-- version 5.2.1
-- https://www.phpmyadmin.net/
--
-- Host: 127.0.0.1
-- Generation Time: Jul 11, 2025 at 04:00 PM
-- Server version: 10.4.32-MariaDB
-- PHP Version: 8.2.12

SET SQL_MODE = "NO_AUTO_VALUE_ON_ZERO";
START TRANSACTION;
SET time_zone = "+00:00";


/*!40101 SET @OLD_CHARACTER_SET_CLIENT=@@CHARACTER_SET_CLIENT */;
/*!40101 SET @OLD_CHARACTER_SET_RESULTS=@@CHARACTER_SET_RESULTS */;
/*!40101 SET @OLD_COLLATION_CONNECTION=@@COLLATION_CONNECTION */;
/*!40101 SET NAMES utf8mb4 */;

--
-- Database: `fitnesstracker`
--

-- --------------------------------------------------------

--
-- Table structure for table `admin_users`
--

CREATE TABLE `admin_users` (
  `id` int(11) NOT NULL,
  `username` varchar(100) NOT NULL,
  `password` varchar(255) NOT NULL
) ENGINE=InnoDB DEFAULT CHARSET=utf8mb4 COLLATE=utf8mb4_general_ci;

--
-- Dumping data for table `admin_users`
--

INSERT INTO `admin_users` (`id`, `username`, `password`) VALUES
(1, 'Charu@26', '$2y$10$3q7/WNqw6DB/ffUjBk7e4euu94Q91NvlIWQkbXPxWYH1QZ8vVAKH6'),
(3, 'Charu@2604', '$2y$10$DKukAPvVl0zFjWXmiowsbuQBhKoyQjP.W1C/yKJCTDUSMzvRTa8IS'),
(4, '', 'bhanu123');

-- --------------------------------------------------------

--
-- Table structure for table `day_food_intake`
--

CREATE TABLE `day_food_intake` (
  `date` date NOT NULL,
  `total_calories` decimal(6,2) DEFAULT NULL,
  `total_carbs` decimal(6,2) DEFAULT NULL,
  `total_fat` decimal(6,2) DEFAULT NULL,
  `total_protein` decimal(6,2) DEFAULT NULL,
  `total_sodium` decimal(6,2) DEFAULT NULL,
  `total_sugar` decimal(6,2) DEFAULT NULL,
  `daily_goal_carbs` decimal(6,2) DEFAULT NULL,
  `daily_goal_fat` decimal(6,2) DEFAULT NULL,
  `daily_goal_protein` decimal(6,2) DEFAULT NULL,
  `daily_goal_sodium` decimal(6,2) DEFAULT NULL,
  `daily_goal_sugar` decimal(6,2) DEFAULT NULL
) ENGINE=InnoDB DEFAULT CHARSET=utf8mb4 COLLATE=utf8mb4_general_ci;

-- --------------------------------------------------------

--
-- Table structure for table `food_intake_diary`
--

CREATE TABLE `food_intake_diary` (
  `id` int(11) NOT NULL,
  `user_id` int(11) DEFAULT NULL,
  `foodid` int(11) DEFAULT NULL,
  `foodname` varchar(100) DEFAULT NULL,
  `meal_type` varchar(50) DEFAULT NULL,
  `intake_date` date DEFAULT NULL,
  `serving_size` varchar(50) DEFAULT NULL,
  `quantity` int(11) DEFAULT NULL,
  `total_calories` int(11) DEFAULT NULL,
  `total_carbs` float DEFAULT NULL,
  `sugars` float DEFAULT NULL,
  `total_fat` float DEFAULT NULL,
  `sodium` float DEFAULT NULL,
  `total_protein` float DEFAULT NULL
) ENGINE=InnoDB DEFAULT CHARSET=utf8mb4 COLLATE=utf8mb4_general_ci;

--
-- Dumping data for table `food_intake_diary`
--

INSERT INTO `food_intake_diary` (`id`, `user_id`, `foodid`, `foodname`, `meal_type`, `intake_date`, `serving_size`, `quantity`, `total_calories`, `total_carbs`, `sugars`, `total_fat`, `sodium`, `total_protein`) VALUES
(1, 1, 254, 'Pizza Hut Cheese Pizza (1 slice)', 'breakfast', '2024-11-09', '12', 1, 290, 36, NULL, 11, NULL, 12),
(2, 1, 70, 'Milk (whole)', 'breakfast', '2024-11-09', '50g', 1, 61, 5.3, NULL, 3.2, NULL, 3.2),
(3, 1, 401, 'Pizza Hut Pepperoni Pizza (Medium 1 Slice)', 'lunch', '2024-11-09', '1 cup', 1, 290, 29, NULL, 13, NULL, 12),
(4, 1, 255, 'Pizza Hut Garlic Breadsticks (1 piece)', 'breakfast', '2024-11-09', '1 cup', 1, 150, 22, 1, 6, 80, 4),
(5, 1, 132, 'Dal Tadka', 'dinner', '2024-11-09', '500g', 2, 400, 60, 2, 16, 800, 16),
(6, 1, 179, 'Masoor Dal', 'breakfast', '2024-11-09', '100g', 1, 200, 30, 1, 5, 400, 10),
(7, 1, 533, 'McDonald\'s Chocolate Shake (Small)', 'dinner', '2024-11-09', '100g', 1, 530, 76, 63, 17, 280, 10),
(8, 1, 245, 'Domino\'s Veggie Pizza (1 slice)', 'dinner', '2024-11-09', '1 cup', 2, 480, 64, 6, 18, 360, 20),
(9, 1, 154, 'Bread Pakora', 'breakfast', '2024-11-09', '1 cup', 1, 250, 30, 2, 10, 150, 5),
(10, 1, 776, 'Lays Classic Potato Chips (1 oz)', 'snacks', '2024-11-09', '60g', 1, 160, 15, 0, 10, 350, 2),
(11, 1, 404, 'Pizza Hut BBQ Chicken Pizza (Medium 1 Slice)', 'snack', '2024-11-09', '1 cup', 1, 320, 34, 6, 14, 250, 14),
(12, 1, 792, 'Lay’s India’s Magic Masala Chips (1 pack, 52g)', 'dinner', '2024-11-09', '60g', 1, 290, 31, 2, 17, 300, 4),
(13, 1, 151, 'Chole Bhature', 'lunch', '2024-11-09', '60g', 1, 450, 60, 3, 20, 300, 10),
(14, 1, 244, 'Domino\'s Pepperoni Pizza (1 slice)', 'breakfast', '2024-11-09', '78', 1, 300, 34, 2, 13, 150, 12),
(15, 1, 244, 'Domino\'s Pepperoni Pizza (1 slice)', 'breakfast', '2024-11-09', '78', 1, 300, 34, 2, 13, 150, 12),
(16, 1, 433, 'Pizza Hut Iced Tea (12 oz)', 'snack', '2024-11-10', '1 cup', 1, 120, 31, 29, 0, 0, 0),
(21, 1, 39, 'Pineapple', 'snacks', '2024-11-10', '50g', 1, 50, 13.1, 9.9, 0.1, 109, 0.5),
(22, 1, 201, 'Paneer Bhurji', 'lunch', '2024-11-10', '100g', 1, 300, 10, 3, 15, 150, 14),
(23, 1, 204, 'Roti with Ghee', 'lunch', '2024-11-10', '50g', 3, 450, 75, 3, 15, 150, 9),
(25, 1, 106, 'Butter Chicken', 'dinner', '2024-11-10', '100g', 1, 450, 20, 5, 30, 300, 20),
(26, 1, 108, 'Naan', 'dinner', '2024-11-10', '1', 1, 270, 40, 1, 10, 100, 5),
(29, 1, 93, 'Dosa', 'breakfast', '2024-11-10', '1', 1, 200, 30, 1, 8, 150, 5),
(30, 1, 121, 'Poha', 'breakfast', '2024-11-11', '80g', 1, 180, 30, 1, 5, 150, 4),
(31, 1, 21, 'Milk', 'breakfast', '2024-11-11', '100 ml', 1, 42, 5, 5, 1, 150, 3.4),
(33, 1, 118, 'Aloo Gobi', 'lunch', '2024-11-11', '50g', 1, 180, 25, 3, 8, 450, 4),
(34, 1, 14, 'Rice (Cooked)', 'lunch', '2024-11-11', '70g', 1, 130, 28, 0.1, 0.3, 35, 2.7),
(36, 1, 101, 'Biryani', 'dinner', '2024-11-11', '600g', 1, 500, 55, 3, 22, 300, 15),
(38, 1, 102, 'Pani Puri', 'snacks', '2024-11-11', '100 g', 1, 150, 25, 5, 6, 100, 3),
(39, 1, 798, '5 Star Chocolate (40g)', 'snacks', '2024-11-11', '1', 2, 420, 52, 44, 22, 140, 4),
(40, 1, 114, 'Shahi Paneer', 'lunch', '2024-11-14', '100g', 1, 400, 30, 5, 25, 200, 12),
(41, 1, 244, 'Domino\'s Pepperoni Pizza (1 slice)', 'snacks', '2024-11-14', '50g', 1, 300, 34, 2, 13, 150, 12),
(43, 1, 201, 'Paneer Bhurji', 'breakfast', '2024-11-14', '400g', 1, 300, 10, 3, 15, 150, 14),
(44, 1, 417, 'Pizza Hut Thin Crust Pepperoni Pizza (1 Slice)', 'breakfast', '2024-11-14', '60g', 1, 220, 22, 1, 9, 160, 9),
(45, 1, 416, 'Pizza Hut Stuffed Crust Cheese Pizza (1 Slice)', 'lunch', '2024-11-14', '23', 1, 390, 31, 2, 18, 310, 14),
(46, 2, 432, 'Pizza Hut Soft Drink (12 oz)', 'snacks', '2024-11-14', '1 cup', 1, 150, 41, 41, 0, 0, 0),
(47, 2, 140, 'Aloo Baingan', 'breakfast', '2024-11-14', '100g', 1, 190, 20, 2, 8, 350, 3),
(48, 2, 534, 'McDonald\'s Chocolate Shake (Medium)', 'breakfast', '2024-11-14', '1 cup', 1, 710, 101, 82, 23, 350, 14),
(49, 4, 94, 'Idli', 'breakfast', '2024-11-14', '100g', 1, 100, 20, 0, 2, 50, 3),
(50, 4, 404, 'Pizza Hut BBQ Chicken Pizza (Medium 1 Slice)', 'lunch', '2024-11-14', '100g', 1, 320, 34, 6, 14, 250, 14),
(51, 5, 121, 'Poha', 'breakfast', '2024-11-14', '50g', 1, 180, 30, 1, 5, 150, 4),
(53, 6, 132, 'Dal Tadka', 'lunch', '2024-11-14', '100g', 1, 200, 30, 1, 8, 400, 8),
(54, 6, 106, 'Butter Chicken', 'breakfast', '2024-11-14', '100g', 1, 450, 20, 5, 30, 300, 20),
(55, 8, 402, 'Pizza Hut Margherita Pizza (Medium 1 Slice)', 'breakfast', '2024-11-14', '200g', 1, 220, 30, 3, 8, 180, 9),
(56, 7, 195, 'Chicken Biryani', 'breakfast', '2024-11-14', '500g', 1, 500, 55, 4, 18, 350, 25),
(57, 9, 636, 'KFC Chocolate Cake', 'breakfast', '2024-11-14', '78g', 1, 310, 40, 29, 15, 280, 3),
(58, 7, 782, 'Popcorn (Movie Theater Butter, 1 oz)', 'breakfast', '2024-11-15', '60g', 1, 160, 14, 0, 11, 0, 2),
(59, 2, 49, 'Dark Chocolate', 'breakfast', '2024-11-15', '60g', 1, 546, 61, 48, 31, 715, 4.9),
(60, 2, 180, 'Methi Malai Paneer', 'dinner', '2024-11-15', '50g', 1, 400, 30, 4, 25, 200, 12),
(61, 2, 411, 'Pizza Hut Pepperoni Pizza (Personal 1 Slice)', 'snacks', '2024-11-15', '1 serving', 1, 230, 25, 1, 10, 160, 10),
(62, 10, 121, 'Poha', 'breakfast', '2024-11-15', '70g', 1, 180, 30, 1, 5, 150, 4),
(63, 10, 135, 'Moong Dal', 'lunch', '2024-11-15', '70g', 1, 180, 30, 0, 4, 350, 8),
(64, 10, 79, 'Hot Chocolate', 'snacks', '2024-11-15', '70g', 1, 83, 15, 12, 2.2, 170, 1.2),
(65, 10, 255, 'Pizza Hut Garlic Breadsticks (1 piece)', 'breakfast', '2024-11-15', '56g', 1, 150, 22, 1, 6, 80, 4),
(66, 10, 22, 'Shrimp', 'lunch', '2024-11-15', '46g', 1, 99, 0.2, 0, 0.3, 101, 24),
(67, 10, 22, 'Shrimp', 'lunch', '2024-11-15', '46g', 1, 99, 0.2, 0, 0.3, 101, 24),
(68, 10, 212, 'Shahi Paneer', 'dinner', '2024-11-15', '70g', 1, 400, 30, 4, 22, 200, 12),
(70, 2, 175, 'Curd Rice', 'lunch', '2024-11-15', '100g', 1, 200, 35, 3, 5, 100, 5),
(71, 7, 132, 'Dal Tadka', 'lunch', '2024-11-15', '60g', 1, 200, 30, 1, 8, 400, 8),
(72, 7, 93, 'Dosa', 'breakfast', '2024-11-16', '1 ', 1, 200, 30, 1, 8, 150, 5),
(73, 7, 121, 'Poha', 'breakfast', '2024-11-30', '100g', 1, 180, 30, 1, 5, 150, 4),
(74, 7, 256, 'Taco Bell Crunchy Taco', 'snacks', '2024-11-30', '1', 1, 170, 13, 1, 9, 200, 8),
(75, 7, 92, 'Chhole Bhature', 'lunch', '2024-11-30', '2', 2, 900, 110, 16, 50, 800, 24),
(77, 7, 79, 'Hot Chocolate', 'breakfast', '2024-11-30', '1 CUP', 1, 83, 15, 12, 2.2, 170, 1.2),
(78, 18, 180, 'Methi Malai Paneer', 'breakfast', '2024-11-30', '50g', 1, 400, 30, 4, 25, 200, 12),
(79, 10, 126, 'Bhindi Fry', 'snacks', '2024-11-30', '2', 1, 150, 20, 2, 7, 200, 3),
(80, 10, 107, 'Dal Makhani', 'breakfast', '2024-11-30', '60g', 1, 350, 45, 2, 12, 400, 15),
(81, 10, 132, 'Dal Tadka', 'lunch', '2024-11-30', '70g', 1, 200, 30, 1, 8, 400, 8),
(86, 1, 186, 'Kadhi Chawal', 'dinner', '2024-12-01', '600g', 1, 250, 35, 3, 8, 200, 5),
(87, 1, 518, 'McDonald\'s Apple Pie', 'snacks', '2024-12-01', '1 ', 1, 250, 33, 17, 11, 20, 2),
(88, 1, 121, 'Poha', 'breakfast', '2024-12-01', '100g', 1, 180, 30, 1, 5, 150, 4),
(89, 1, 809, 'newfood', 'breakfast', '2024-12-01', '100g', 1, 123, 35, 33, 12, 179.99, 46),
(90, 10, 163, 'Masala Dosa', 'breakfast', '2024-12-01', '1', 1, 300, 40, 2, 10, 150, 6),
(91, 21, 121, 'Poha', 'breakfast', '2024-12-01', '100g', 1, 180, 30, 1, 5, 150, 4),
(93, 23, 121, 'Poha', 'breakfast', '2024-12-03', '100g', 1, 180, 30, 1, 5, 150, 4),
(94, 23, 14, 'Rice (Cooked)', 'lunch', '2024-12-03', '100g', 1, 130, 28, 0.1, 0.3, 35, 2.7),
(95, 23, 132, 'Dal Tadka', 'lunch', '2024-12-03', '100g', 1, 200, 30, 1, 8, 400, 8);

-- --------------------------------------------------------

--
-- Table structure for table `food_nutritional_facts`
--

CREATE TABLE `food_nutritional_facts` (
  `foodid` int(11) NOT NULL,
  `foodname` varchar(100) NOT NULL,
  `calories` decimal(6,2) NOT NULL,
  `total_fat` decimal(5,2) DEFAULT NULL,
  `saturated_fat` decimal(5,2) DEFAULT NULL,
  `trans_fat` decimal(5,2) DEFAULT NULL,
  `cholesterol` decimal(5,2) DEFAULT NULL,
  `sodium` decimal(5,2) DEFAULT NULL,
  `total_carbs` decimal(5,2) DEFAULT NULL,
  `dietary_fiber` decimal(5,2) DEFAULT NULL,
  `sugars` decimal(5,2) DEFAULT NULL,
  `protein` decimal(5,2) DEFAULT NULL,
  `vit_a` decimal(5,2) DEFAULT NULL,
  `vit_c` decimal(5,2) DEFAULT NULL,
  `calcium` decimal(5,2) DEFAULT NULL,
  `iron` decimal(5,2) DEFAULT NULL
) ENGINE=InnoDB DEFAULT CHARSET=utf8mb4 COLLATE=utf8mb4_general_ci;

--
-- Dumping data for table `food_nutritional_facts`
--

INSERT INTO `food_nutritional_facts` (`foodid`, `foodname`, `calories`, `total_fat`, `saturated_fat`, `trans_fat`, `cholesterol`, `sodium`, `total_carbs`, `dietary_fiber`, `sugars`, `protein`, `vit_a`, `vit_c`, `calcium`, `iron`) VALUES
(1, 'Apple', 52.00, 0.17, 0.03, 0.00, 0.00, 107.00, 14.00, 2.40, 10.00, 0.26, 1.00, 8.40, 6.00, 0.12),
(2, 'Banana', 89.00, 0.33, 0.11, 0.00, 0.00, 358.00, 23.00, 2.60, 12.00, 1.09, 1.00, 10.00, 5.00, 0.31),
(3, 'Orange', 47.00, 0.12, 0.02, 0.00, 0.00, 181.00, 12.00, 2.40, 9.00, 0.94, 4.00, 53.20, 4.00, 0.10),
(4, 'Broccoli', 34.00, 0.37, 0.04, 0.00, 0.00, 316.00, 7.00, 2.60, 1.70, 2.80, 12.00, 89.20, 47.00, 0.73),
(5, 'Chicken Breast', 165.00, 3.60, 1.02, 0.00, 85.00, 256.00, 0.00, 0.00, 0.00, 31.00, 0.00, 0.00, 15.00, 0.90),
(6, 'Egg', 155.00, 10.60, 3.10, 0.00, 373.00, 126.00, 1.10, 0.00, 1.10, 13.00, 10.00, 0.00, 50.00, 1.75),
(7, 'Avocado', 160.00, 14.70, 2.10, 0.00, 0.00, 485.00, 9.00, 7.00, 0.66, 2.00, 7.00, 10.00, 12.00, 0.55),
(8, 'Spinach', 23.00, 0.39, 0.06, 0.00, 0.00, 558.00, 3.60, 2.20, 0.40, 2.90, 187.00, 28.10, 99.00, 2.71),
(9, 'Salmon', 208.00, 13.40, 3.10, 0.00, 55.00, 628.00, 0.00, 0.00, 0.00, 20.00, 50.00, 0.00, 9.00, 0.90),
(10, 'Beef Steak', 271.00, 19.30, 7.70, 0.00, 90.00, 318.00, 0.00, 0.00, 0.00, 25.00, 0.00, 0.00, 11.00, 2.60),
(11, 'Carrot', 41.00, 0.24, 0.04, 0.00, 0.00, 320.00, 10.00, 2.80, 4.70, 0.93, 334.00, 5.90, 33.00, 0.30),
(12, 'Potato', 77.00, 0.10, 0.03, 0.00, 0.00, 425.00, 17.00, 2.20, 0.80, 2.00, 0.00, 19.70, 11.00, 0.81),
(13, 'Cheddar Cheese', 402.00, 33.10, 21.10, 1.10, 105.00, 98.00, 1.30, 0.00, 0.50, 24.90, 0.00, 0.00, 721.00, 0.72),
(14, 'Rice (Cooked)', 130.00, 0.30, 0.10, 0.00, 0.00, 35.00, 28.00, 0.40, 0.10, 2.70, 0.00, 0.00, 10.00, 0.20),
(15, 'Pasta (Cooked)', 131.00, 1.10, 0.20, 0.00, 0.00, 44.00, 25.00, 1.30, 0.60, 5.00, 0.00, 0.00, 7.00, 1.30),
(16, 'Almonds', 579.00, 49.40, 3.70, 0.00, 0.00, 733.00, 22.00, 12.50, 4.40, 21.20, 0.00, 0.00, 269.00, 3.70),
(17, 'Strawberries', 32.00, 0.30, 0.02, 0.00, 0.00, 153.00, 7.70, 2.00, 4.90, 0.70, 1.00, 58.80, 16.00, 0.40),
(18, 'Tofu', 76.00, 4.80, 0.70, 0.00, 0.00, 121.00, 1.90, 0.30, 0.20, 8.00, 1.00, 0.20, 350.00, 5.40),
(19, 'Lentils (Cooked)', 116.00, 0.40, 0.10, 0.00, 0.00, 369.00, 20.00, 7.90, 1.80, 9.00, 8.00, 1.50, 19.00, 3.30),
(20, 'Greek Yogurt', 59.00, 0.40, 0.10, 0.00, 5.00, 141.00, 3.60, 0.00, 3.20, 10.00, 0.00, 0.00, 110.00, 0.10),
(21, 'Milk', 42.00, 1.00, 0.60, 0.00, 5.00, 150.00, 5.00, 0.00, 5.00, 3.40, 47.00, 0.00, 125.00, 0.00),
(22, 'Shrimp', 99.00, 0.30, 0.10, 0.00, 195.00, 101.00, 0.20, 0.00, 0.00, 24.00, 0.00, 0.00, 70.00, 2.60),
(23, 'Mushrooms', 22.00, 0.30, 0.04, 0.00, 0.00, 318.00, 3.30, 1.00, 1.40, 3.10, 0.00, 2.10, 3.00, 0.50),
(24, 'Peanut Butter', 588.00, 50.00, 10.00, 0.00, 0.00, 649.00, 20.00, 6.00, 9.00, 25.00, 0.00, 0.00, 43.00, 1.90),
(25, 'Cucumber', 16.00, 0.10, 0.02, 0.00, 0.00, 147.00, 3.60, 0.50, 1.70, 0.70, 105.00, 2.80, 16.00, 0.30),
(26, 'Tomato', 18.00, 0.20, 0.00, 0.00, 0.00, 237.00, 3.90, 1.20, 2.60, 0.90, 17.00, 13.70, 10.00, 0.30),
(27, 'Bell Pepper', 31.00, 0.30, 0.00, 0.00, 0.00, 211.00, 6.00, 1.50, 4.20, 1.00, 157.00, 127.70, 10.00, 0.40),
(28, 'Blueberries', 57.00, 0.30, 0.00, 0.00, 0.00, 77.00, 14.00, 2.40, 10.00, 0.70, 54.00, 9.70, 6.00, 0.30),
(29, 'Raspberries', 52.00, 0.70, 0.00, 0.00, 0.00, 151.00, 12.00, 6.50, 4.40, 1.20, 33.00, 26.20, 25.00, 1.10),
(30, 'Kale', 35.00, 1.50, 0.20, 0.00, 0.00, 491.00, 4.40, 4.10, 0.90, 2.90, 681.00, 80.40, 72.00, 1.50),
(31, 'Brussels Sprouts', 43.00, 0.30, 0.00, 0.00, 0.00, 389.00, 9.00, 3.80, 2.20, 3.40, 754.00, 85.00, 42.00, 1.40),
(32, 'Sweet Potato', 86.00, 0.10, 0.00, 0.00, 0.00, 337.00, 20.10, 3.00, 4.20, 1.60, 961.00, 19.60, 30.00, 0.60),
(33, 'Pumpkin', 26.00, 0.10, 0.00, 0.00, 0.00, 340.00, 6.50, 0.50, 2.80, 1.00, 851.00, 9.00, 21.00, 0.80),
(34, 'Beets', 43.00, 0.20, 0.00, 0.00, 0.00, 325.00, 9.60, 2.80, 6.80, 1.60, 2.00, 3.60, 16.00, 0.80),
(35, 'Cabbage', 25.00, 0.10, 0.00, 0.00, 0.00, 170.00, 5.80, 2.50, 3.20, 1.30, 98.00, 36.60, 40.00, 0.50),
(36, 'Green Beans', 31.00, 0.20, 0.00, 0.00, 0.00, 209.00, 7.00, 2.70, 3.30, 1.80, 690.00, 12.20, 37.00, 1.00),
(37, 'Eggplant', 25.00, 0.20, 0.00, 0.00, 0.00, 229.00, 6.00, 3.00, 3.50, 1.00, 23.00, 2.20, 9.00, 0.30),
(38, 'Grapes', 69.00, 0.20, 0.00, 0.00, 0.00, 191.00, 18.00, 0.90, 15.50, 0.70, 3.00, 4.30, 10.00, 0.30),
(39, 'Pineapple', 50.00, 0.10, 0.00, 0.00, 0.00, 109.00, 13.10, 1.40, 9.90, 0.50, 58.00, 47.80, 13.00, 0.30),
(40, 'Watermelon', 30.00, 0.20, 0.00, 0.00, 0.00, 112.00, 7.60, 0.40, 6.20, 0.60, 569.00, 8.10, 7.00, 0.20),
(41, 'Mango', 60.00, 0.40, 0.00, 0.00, 0.00, 168.00, 15.00, 1.60, 13.70, 0.80, 54.00, 36.40, 11.00, 0.20),
(42, 'Pear', 57.00, 0.10, 0.00, 0.00, 0.00, 116.00, 15.00, 3.10, 9.70, 0.40, 25.00, 4.30, 9.00, 0.20),
(43, 'Blackberries', 43.00, 0.50, 0.00, 0.00, 0.00, 162.00, 10.00, 5.30, 4.90, 1.40, 214.00, 21.00, 29.00, 1.40),
(44, 'Chickpeas', 164.00, 2.60, 0.30, 0.00, 0.00, 291.00, 27.00, 7.60, 4.80, 8.90, 1.00, 2.00, 49.00, 2.90),
(45, 'Quinoa', 120.00, 1.90, 0.20, 0.00, 0.00, 172.00, 21.00, 2.80, 0.90, 4.10, 14.00, 0.00, 17.00, 1.50),
(46, 'Oats', 389.00, 6.90, 1.20, 0.00, 0.00, 429.00, 66.00, 10.60, 1.20, 16.90, 0.00, 0.00, 54.00, 4.70),
(47, 'Cottage Cheese', 98.00, 4.30, 1.70, 0.00, 17.00, 104.00, 3.40, 0.00, 2.70, 11.10, 18.00, 0.00, 103.00, 0.10),
(48, 'Yogurt', 59.00, 0.40, 0.10, 0.00, 5.00, 141.00, 3.60, 0.00, 3.20, 10.00, 47.00, 0.00, 110.00, 0.10),
(49, 'Dark Chocolate', 546.00, 31.00, 19.00, 0.00, 8.00, 715.00, 61.00, 7.00, 48.00, 4.90, 50.00, 0.00, 73.00, 8.00),
(50, 'Pork Chop', 231.00, 14.00, 5.00, 0.00, 88.00, 467.00, 0.00, 0.00, 0.00, 21.40, 0.00, 0.00, 3.00, 0.80),
(51, 'Turkey Breast', 135.00, 3.10, 0.90, 0.00, 45.00, 263.00, 0.00, 0.00, 0.00, 28.00, 0.00, 0.00, 11.00, 1.10),
(52, 'Ground Beef', 250.00, 20.00, 8.00, 1.00, 80.00, 274.00, 0.00, 0.00, 0.00, 17.00, 0.00, 0.00, 18.00, 1.80),
(53, 'Lobster', 90.00, 0.80, 0.20, 0.00, 145.00, 133.00, 0.00, 0.00, 0.00, 19.00, 0.00, 0.00, 96.00, 0.30),
(54, 'Clams', 74.00, 0.50, 0.10, 0.00, 34.00, 168.00, 0.00, 0.00, 0.00, 12.80, 4.00, 12.00, 92.00, 26.00),
(55, 'Octopus', 164.00, 2.00, 0.50, 0.00, 48.00, 626.00, 4.40, 0.00, 0.00, 29.00, 30.00, 0.00, 0.00, 0.70),
(56, 'Tofu', 76.00, 4.80, 0.70, 0.00, 0.00, 121.00, 1.90, 0.30, 0.20, 8.00, 1.00, 0.20, 350.00, 5.40),
(57, 'Cucumber', 16.00, 0.10, 0.02, 0.00, 0.00, 147.00, 3.60, 0.50, 1.70, 0.70, 105.00, 2.80, 16.00, 0.30),
(58, 'Broccoli', 34.00, 0.37, 0.04, 0.00, 0.00, 316.00, 7.00, 2.60, 1.10, 0.40, 0.90, 0.60, 1.30, 0.00),
(59, 'Ketchup', 19.00, 0.02, 0.00, 0.00, 0.00, 45.00, 4.50, 0.20, 3.20, 0.20, 0.00, 1.00, 2.00, 0.10),
(60, 'Mayonnaise', 680.00, 75.00, 11.60, 0.00, 42.00, 20.00, 0.60, 0.00, 0.00, 0.96, 0.00, 0.00, 8.00, 0.10),
(61, 'Mustard', 66.00, 3.50, 0.20, 0.00, 0.00, 63.00, 5.80, 1.50, 0.90, 3.70, 0.00, 0.10, 14.00, 1.10),
(62, 'BBQ Sauce', 29.00, 0.20, 0.00, 0.00, 0.00, 64.00, 7.20, 0.10, 5.90, 0.20, 0.00, 0.00, 7.00, 0.30),
(63, 'Soy Sauce', 53.00, 0.10, 0.00, 0.00, 0.00, 172.00, 4.90, 0.10, 0.50, 6.40, 0.00, 0.00, 4.00, 0.50),
(64, 'Hot Sauce', 5.00, 0.20, 0.00, 0.00, 0.00, 89.00, 1.00, 0.50, 0.30, 0.10, 31.00, 3.60, 2.00, 0.20),
(65, 'Ranch Dressing', 145.00, 15.00, 2.30, 0.00, 7.00, 36.00, 1.90, 0.30, 1.20, 0.70, 10.00, 0.20, 5.00, 0.10),
(66, 'Olive Oil', 884.00, 100.00, 14.00, 0.00, 0.00, 1.00, 0.00, 0.00, 0.00, 0.00, 0.00, 0.00, 1.00, 0.50),
(67, 'Apple Juice', 47.00, 0.10, 0.00, 0.00, 0.00, 104.00, 11.60, 0.20, 9.60, 0.10, 1.00, 3.60, 10.00, 0.20),
(68, 'Orange Juice', 45.00, 0.20, 0.00, 0.00, 0.00, 200.00, 10.40, 0.20, 8.40, 0.70, 200.00, 60.00, 20.00, 0.20),
(69, 'Coffee (black)', 2.00, 0.00, 0.00, 0.00, 0.00, 49.00, 0.00, 0.00, 0.00, 0.30, 0.00, 0.00, 5.00, 0.00),
(70, 'Milk (whole)', 61.00, 3.20, 1.80, 0.00, 10.00, 150.00, 5.30, 0.00, 5.30, 3.20, 68.00, 0.00, 125.00, 0.00),
(71, 'Almond Milk', 13.00, 1.00, 0.00, 0.00, 0.00, 150.00, 0.50, 0.20, 0.40, 0.50, 100.00, 0.00, 20.00, 0.20),
(72, 'Beer', 43.00, 0.00, 0.00, 0.00, 0.00, 27.00, 3.60, 0.00, 0.30, 0.40, 0.00, 0.00, 0.00, 0.00),
(73, 'Red Wine', 85.00, 0.00, 0.00, 0.00, 0.00, 99.00, 2.60, 0.00, 0.90, 0.10, 0.00, 0.00, 10.00, 0.00),
(74, 'Cola', 150.00, 0.00, 0.00, 0.00, 0.00, 0.00, 39.00, 0.00, 39.00, 0.00, 0.00, 0.00, 0.00, 0.00),
(75, 'Green Tea', 2.00, 0.00, 0.00, 0.00, 0.00, 15.00, 0.00, 0.00, 0.00, 0.00, 0.00, 0.00, 3.00, 0.00),
(76, 'Smoothie (Strawberry Banana)', 120.00, 0.50, 0.00, 0.00, 0.00, 260.00, 28.00, 3.00, 24.00, 2.00, 10.00, 55.00, 20.00, 0.60),
(77, 'Chocolate Milkshake', 290.00, 6.00, 3.50, 0.00, 20.00, 370.00, 50.00, 2.00, 47.00, 9.00, 6.00, 4.00, 150.00, 1.80),
(78, 'Lemonade', 99.00, 0.00, 0.00, 0.00, 0.00, 22.00, 26.00, 0.10, 25.00, 0.10, 0.00, 30.00, 15.00, 0.20),
(79, 'Hot Chocolate', 83.00, 2.20, 1.40, 0.00, 1.00, 170.00, 15.00, 1.50, 12.00, 1.20, 1.00, 0.20, 30.00, 0.50),
(80, 'Iced Tea', 90.00, 0.00, 0.00, 0.00, 0.00, 50.00, 23.00, 0.00, 22.00, 0.00, 0.00, 1.00, 5.00, 0.10),
(81, 'Energy Drink', 110.00, 0.00, 0.00, 0.00, 0.00, 5.00, 28.00, 0.00, 27.00, 1.00, 0.00, 0.00, 0.00, 0.00),
(82, 'Protein Shake (Chocolate)', 210.00, 4.00, 1.00, 0.00, 15.00, 280.00, 14.00, 1.00, 10.00, 20.00, 3.00, 2.00, 200.00, 3.00),
(83, 'Tomato Sauce', 74.00, 2.40, 0.30, 0.00, 0.00, 478.00, 13.00, 3.20, 7.60, 1.50, 40.00, 10.00, 25.00, 1.00),
(84, 'Alfredo Sauce', 340.00, 30.00, 19.00, 0.00, 60.00, 46.00, 4.50, 0.20, 2.50, 5.00, 45.00, 0.00, 100.00, 0.00),
(85, 'Salsa', 36.00, 0.20, 0.00, 0.00, 0.00, 213.00, 8.00, 1.50, 6.30, 0.90, 178.00, 14.00, 20.00, 0.60),
(86, 'Honey', 304.00, 0.00, 0.00, 0.00, 0.00, 52.00, 82.00, 0.20, 82.00, 0.30, 0.00, 0.50, 6.00, 0.30),
(87, 'Maple Syrup', 260.00, 0.00, 0.00, 0.00, 0.00, 212.00, 67.00, 0.00, 60.00, 0.10, 0.00, 0.00, 20.00, 0.20),
(88, 'Peanut Butter', 588.00, 50.00, 10.00, 0.00, 0.00, 732.00, 20.00, 6.00, 9.00, 25.00, 0.00, 0.00, 50.00, 3.10),
(89, 'Vegetable Juice', 20.00, 0.10, 0.00, 0.00, 0.00, 320.00, 4.70, 0.50, 3.50, 0.80, 600.00, 23.00, 40.00, 0.70),
(90, 'Coconut Water', 19.00, 0.20, 0.00, 0.00, 0.00, 250.00, 3.70, 1.00, 2.60, 0.70, 0.00, 5.00, 24.00, 0.30),
(91, 'Pav Bhaji', 400.00, 18.00, 10.00, 0.00, 30.00, 350.00, 50.00, 8.00, 10.00, 10.00, 10.00, 20.00, 15.00, 10.00),
(92, 'Chhole Bhature', 450.00, 25.00, 12.00, 0.00, 40.00, 400.00, 55.00, 9.00, 8.00, 12.00, 5.00, 15.00, 20.00, 10.00),
(93, 'Dosa', 200.00, 8.00, 2.00, 0.00, 5.00, 150.00, 30.00, 3.00, 1.00, 5.00, 5.00, 10.00, 2.00, 2.00),
(94, 'Idli', 100.00, 2.00, 1.00, 0.00, 0.00, 50.00, 20.00, 2.00, 0.00, 3.00, 0.00, 2.00, 1.00, 1.00),
(95, 'Vada Pav', 300.00, 16.00, 5.00, 0.00, 5.00, 200.00, 35.00, 4.00, 2.00, 7.00, 2.00, 5.00, 10.00, 5.00),
(96, 'Masala Chai', 100.00, 4.00, 2.00, 0.00, 5.00, 150.00, 20.00, 1.00, 10.00, 2.00, 2.00, 10.00, 15.00, 0.00),
(97, 'Samosa', 250.00, 15.00, 6.00, 0.00, 0.00, 100.00, 30.00, 4.00, 2.00, 5.00, 0.00, 0.00, 5.00, 5.00),
(98, 'Paneer Tikka', 300.00, 20.00, 12.00, 0.00, 40.00, 250.00, 10.00, 1.00, 2.00, 15.00, 10.00, 5.00, 30.00, 5.00),
(99, 'Aloo Paratha', 320.00, 12.00, 3.00, 0.00, 5.00, 100.00, 45.00, 5.00, 1.00, 6.00, 2.00, 10.00, 5.00, 10.00),
(100, 'Rajma Chawal', 350.00, 8.00, 1.00, 0.00, 0.00, 450.00, 60.00, 10.00, 2.00, 12.00, 5.00, 10.00, 5.00, 15.00),
(101, 'Biryani', 500.00, 22.00, 8.00, 0.00, 50.00, 300.00, 55.00, 4.00, 3.00, 15.00, 5.00, 10.00, 10.00, 10.00),
(102, 'Pani Puri', 150.00, 6.00, 1.00, 0.00, 0.00, 100.00, 25.00, 2.00, 5.00, 3.00, 0.00, 5.00, 2.00, 1.00),
(103, 'Kachori', 250.00, 14.00, 5.00, 0.00, 0.00, 50.00, 30.00, 2.00, 3.00, 5.00, 0.00, 0.00, 2.00, 5.00),
(104, 'Malai Kofta', 400.00, 25.00, 15.00, 0.00, 20.00, 200.00, 25.00, 3.00, 5.00, 10.00, 10.00, 5.00, 15.00, 5.00),
(105, 'Tandoori Roti', 150.00, 2.00, 0.00, 0.00, 0.00, 100.00, 30.00, 4.00, 0.00, 4.00, 2.00, 0.00, 5.00, 5.00),
(106, 'Butter Chicken', 450.00, 30.00, 15.00, 0.00, 50.00, 300.00, 20.00, 2.00, 5.00, 20.00, 10.00, 10.00, 10.00, 10.00),
(107, 'Dal Makhani', 350.00, 12.00, 4.00, 0.00, 20.00, 400.00, 45.00, 10.00, 2.00, 15.00, 5.00, 10.00, 8.00, 15.00),
(108, 'Naan', 270.00, 10.00, 3.00, 0.00, 0.00, 100.00, 40.00, 2.00, 1.00, 5.00, 2.00, 0.00, 5.00, 5.00),
(109, 'Rasmalai', 250.00, 10.00, 6.00, 0.00, 20.00, 150.00, 30.00, 0.00, 15.00, 8.00, 5.00, 10.00, 10.00, 2.00),
(110, 'Rasgulla', 150.00, 2.00, 1.00, 0.00, 10.00, 50.00, 35.00, 0.00, 20.00, 3.00, 5.00, 0.00, 5.00, 0.00),
(111, 'Gulab Jamun', 300.00, 12.00, 8.00, 0.00, 30.00, 100.00, 50.00, 0.00, 35.00, 5.00, 2.00, 0.00, 2.00, 0.00),
(112, 'Lassi', 200.00, 8.00, 5.00, 0.00, 15.00, 250.00, 25.00, 0.00, 20.00, 6.00, 5.00, 10.00, 2.00, 0.00),
(113, 'Bhindi Masala', 150.00, 8.00, 1.00, 0.00, 0.00, 250.00, 20.00, 5.00, 3.00, 4.00, 10.00, 15.00, 8.00, 10.00),
(114, 'Shahi Paneer', 400.00, 25.00, 12.00, 0.00, 30.00, 200.00, 30.00, 2.00, 5.00, 12.00, 5.00, 5.00, 20.00, 5.00),
(115, 'Baingan Bharta', 200.00, 10.00, 1.00, 0.00, 0.00, 300.00, 25.00, 5.00, 2.00, 4.00, 15.00, 20.00, 10.00, 10.00),
(116, 'Dhokla', 150.00, 3.00, 1.00, 0.00, 0.00, 100.00, 30.00, 4.00, 2.00, 6.00, 10.00, 5.00, 2.00, 5.00),
(117, 'Roti', 120.00, 2.00, 0.00, 0.00, 0.00, 50.00, 25.00, 2.00, 0.00, 3.00, 0.00, 0.00, 2.00, 2.00),
(118, 'Aloo Gobi', 180.00, 8.00, 1.00, 0.00, 0.00, 450.00, 25.00, 5.00, 3.00, 4.00, 10.00, 20.00, 6.00, 8.00),
(119, 'Matar Paneer', 300.00, 16.00, 8.00, 0.00, 20.00, 300.00, 20.00, 4.00, 4.00, 10.00, 5.00, 10.00, 15.00, 5.00),
(120, 'Khichdi', 250.00, 6.00, 2.00, 0.00, 0.00, 350.00, 40.00, 8.00, 1.00, 7.00, 5.00, 8.00, 10.00, 5.00),
(121, 'Poha', 180.00, 5.00, 1.00, 0.00, 0.00, 150.00, 30.00, 3.00, 1.00, 4.00, 5.00, 2.00, 8.00, 2.00),
(122, 'Upma', 200.00, 6.00, 2.00, 0.00, 0.00, 100.00, 35.00, 3.00, 1.00, 5.00, 2.00, 2.00, 4.00, 2.00),
(123, 'Sabudana Khichdi', 250.00, 10.00, 2.00, 0.00, 0.00, 200.00, 45.00, 2.00, 2.00, 3.00, 0.00, 0.00, 1.00, 2.00),
(124, 'Rajma', 220.00, 5.00, 1.00, 0.00, 0.00, 450.00, 40.00, 12.00, 2.00, 10.00, 5.00, 10.00, 5.00, 15.00),
(125, 'Aloo Matar', 200.00, 8.00, 1.00, 0.00, 0.00, 350.00, 25.00, 5.00, 2.00, 4.00, 5.00, 5.00, 10.00, 3.00),
(126, 'Bhindi Fry', 150.00, 7.00, 1.00, 0.00, 0.00, 200.00, 20.00, 4.00, 2.00, 3.00, 10.00, 15.00, 6.00, 5.00),
(127, 'Kadhi', 180.00, 10.00, 4.00, 0.00, 15.00, 150.00, 15.00, 0.00, 3.00, 5.00, 2.00, 5.00, 2.00, 1.00),
(128, 'Aloo Jeera', 170.00, 7.00, 1.00, 0.00, 0.00, 300.00, 20.00, 4.00, 1.00, 3.00, 5.00, 2.00, 8.00, 4.00),
(129, 'Tawa Pulao', 250.00, 8.00, 2.00, 0.00, 0.00, 350.00, 45.00, 2.00, 1.00, 5.00, 5.00, 5.00, 10.00, 5.00),
(130, 'Lauki Sabzi', 100.00, 3.00, 0.00, 0.00, 0.00, 350.00, 15.00, 4.00, 1.00, 2.00, 10.00, 10.00, 8.00, 5.00),
(131, 'Palak Paneer', 280.00, 14.00, 6.00, 0.00, 25.00, 400.00, 12.00, 4.00, 2.00, 10.00, 20.00, 30.00, 25.00, 8.00),
(132, 'Dal Tadka', 200.00, 8.00, 2.00, 0.00, 0.00, 400.00, 30.00, 5.00, 1.00, 8.00, 10.00, 10.00, 5.00, 10.00),
(133, 'Baingan Masala', 180.00, 9.00, 1.00, 0.00, 0.00, 250.00, 20.00, 5.00, 2.00, 4.00, 10.00, 20.00, 8.00, 6.00),
(134, 'Chana Masala', 230.00, 6.00, 1.00, 0.00, 0.00, 400.00, 35.00, 10.00, 2.00, 10.00, 10.00, 10.00, 10.00, 15.00),
(135, 'Moong Dal', 180.00, 4.00, 0.00, 0.00, 0.00, 350.00, 30.00, 5.00, 0.00, 8.00, 5.00, 5.00, 4.00, 5.00),
(136, 'Vegetable Pulao', 220.00, 5.00, 1.00, 0.00, 0.00, 250.00, 40.00, 2.00, 1.00, 5.00, 5.00, 10.00, 8.00, 5.00),
(137, 'Raita', 100.00, 4.00, 2.00, 0.00, 10.00, 100.00, 8.00, 0.00, 5.00, 3.00, 5.00, 2.00, 8.00, 0.00),
(138, 'Methi Thepla', 200.00, 6.00, 2.00, 0.00, 0.00, 100.00, 30.00, 5.00, 1.00, 4.00, 5.00, 5.00, 2.00, 2.00),
(139, 'Kheer', 300.00, 10.00, 6.00, 0.00, 20.00, 150.00, 50.00, 0.00, 25.00, 8.00, 5.00, 5.00, 10.00, 1.00),
(140, 'Aloo Baingan', 190.00, 8.00, 1.00, 0.00, 0.00, 350.00, 20.00, 5.00, 2.00, 3.00, 5.00, 10.00, 5.00, 3.00),
(141, 'Idli', 120.00, 1.00, 0.00, 0.00, 0.00, 50.00, 25.00, 2.00, 0.00, 3.00, 0.00, 0.00, 2.00, 1.00),
(142, 'Dosa', 150.00, 4.00, 1.00, 0.00, 0.00, 60.00, 28.00, 2.00, 0.00, 3.00, 0.00, 0.00, 2.00, 1.00),
(143, 'Uttapam', 180.00, 5.00, 1.00, 0.00, 0.00, 80.00, 30.00, 3.00, 1.00, 4.00, 2.00, 2.00, 3.00, 2.00),
(144, 'Medu Vada', 200.00, 10.00, 2.00, 0.00, 0.00, 100.00, 25.00, 2.00, 0.00, 5.00, 0.00, 0.00, 2.00, 2.00),
(145, 'Pesarattu', 160.00, 4.00, 0.00, 0.00, 0.00, 150.00, 30.00, 4.00, 1.00, 6.00, 5.00, 5.00, 4.00, 3.00),
(146, 'Rava Upma', 190.00, 6.00, 1.00, 0.00, 0.00, 50.00, 35.00, 3.00, 1.00, 4.00, 2.00, 2.00, 2.00, 1.00),
(147, 'Pongal', 250.00, 8.00, 2.00, 0.00, 0.00, 100.00, 40.00, 1.00, 0.00, 5.00, 0.00, 0.00, 3.00, 2.00),
(148, 'Appam', 160.00, 3.00, 1.00, 0.00, 0.00, 60.00, 30.00, 2.00, 0.00, 3.00, 0.00, 0.00, 2.00, 1.00),
(149, 'Puttu', 210.00, 5.00, 1.00, 0.00, 0.00, 100.00, 40.00, 5.00, 0.00, 4.00, 0.00, 0.00, 2.00, 1.00),
(150, 'Poori', 220.00, 10.00, 3.00, 0.00, 0.00, 80.00, 25.00, 2.00, 0.00, 3.00, 0.00, 0.00, 2.00, 2.00),
(151, 'Chole Bhature', 450.00, 20.00, 5.00, 0.00, 0.00, 300.00, 60.00, 5.00, 3.00, 10.00, 5.00, 5.00, 10.00, 8.00),
(152, 'Aloo Paratha', 300.00, 12.00, 4.00, 0.00, 5.00, 150.00, 45.00, 5.00, 2.00, 7.00, 2.00, 5.00, 10.00, 5.00),
(153, 'Pyaaz Kachori', 350.00, 18.00, 5.00, 0.00, 0.00, 100.00, 45.00, 4.00, 3.00, 6.00, 0.00, 2.00, 5.00, 3.00),
(154, 'Bread Pakora', 250.00, 10.00, 3.00, 0.00, 0.00, 150.00, 30.00, 2.00, 2.00, 5.00, 0.00, 0.00, 2.00, 2.00),
(155, 'Paneer Paratha', 350.00, 15.00, 6.00, 0.00, 10.00, 200.00, 45.00, 4.00, 2.00, 10.00, 5.00, 5.00, 12.00, 5.00),
(156, 'Besan Chilla', 180.00, 5.00, 1.00, 0.00, 0.00, 100.00, 25.00, 3.00, 0.00, 8.00, 2.00, 2.00, 4.00, 3.00),
(157, 'Poha', 180.00, 5.00, 1.00, 0.00, 0.00, 150.00, 30.00, 3.00, 1.00, 4.00, 5.00, 2.00, 8.00, 2.00),
(158, 'Dhokla', 150.00, 4.00, 0.00, 0.00, 0.00, 50.00, 25.00, 2.00, 0.00, 6.00, 0.00, 2.00, 1.00, 2.00),
(159, 'Aloo Puri', 300.00, 12.00, 3.00, 0.00, 0.00, 200.00, 40.00, 4.00, 2.00, 6.00, 5.00, 5.00, 10.00, 4.00),
(160, 'Thepla', 200.00, 6.00, 2.00, 0.00, 0.00, 100.00, 30.00, 5.00, 1.00, 4.00, 5.00, 5.00, 2.00, 2.00),
(161, 'Sambhar Vada', 220.00, 8.00, 2.00, 0.00, 0.00, 200.00, 30.00, 4.00, 1.00, 6.00, 5.00, 5.00, 4.00, 3.00),
(162, 'Vermicelli Upma', 170.00, 4.00, 1.00, 0.00, 0.00, 50.00, 35.00, 2.00, 1.00, 3.00, 2.00, 2.00, 2.00, 1.00),
(163, 'Masala Dosa', 300.00, 10.00, 2.00, 0.00, 0.00, 150.00, 40.00, 3.00, 2.00, 6.00, 2.00, 2.00, 4.00, 3.00),
(164, 'Neer Dosa', 150.00, 3.00, 0.00, 0.00, 0.00, 40.00, 30.00, 1.00, 0.00, 2.00, 0.00, 0.00, 1.00, 1.00),
(165, 'Coconut Chutney', 100.00, 8.00, 2.00, 0.00, 0.00, 50.00, 5.00, 1.00, 1.00, 1.00, 0.00, 0.00, 1.00, 0.00),
(166, 'Dal Makhani', 350.00, 15.00, 6.00, 0.00, 25.00, 300.00, 40.00, 10.00, 5.00, 15.00, 10.00, 15.00, 8.00, 5.00),
(167, 'Paneer Butter Masala', 400.00, 25.00, 12.00, 0.00, 30.00, 250.00, 25.00, 2.00, 4.00, 12.00, 15.00, 10.00, 20.00, 10.00),
(168, 'Chole', 250.00, 10.00, 2.00, 0.00, 0.00, 300.00, 40.00, 8.00, 4.00, 10.00, 5.00, 10.00, 8.00, 6.00),
(169, 'Rajma', 300.00, 8.00, 2.00, 0.00, 0.00, 350.00, 45.00, 10.00, 2.00, 12.00, 5.00, 15.00, 8.00, 7.00),
(170, 'Biryani', 450.00, 18.00, 5.00, 0.00, 30.00, 300.00, 50.00, 3.00, 4.00, 20.00, 10.00, 10.00, 15.00, 5.00),
(171, 'Chicken Curry', 350.00, 20.00, 8.00, 0.00, 50.00, 400.00, 15.00, 1.00, 2.00, 25.00, 5.00, 5.00, 10.00, 5.00),
(172, 'Mutton Rogan Josh', 500.00, 30.00, 12.00, 0.00, 70.00, 350.00, 20.00, 1.00, 3.00, 30.00, 5.00, 5.00, 8.00, 10.00),
(173, 'Fish Curry', 300.00, 15.00, 5.00, 0.00, 40.00, 400.00, 10.00, 1.00, 2.00, 20.00, 10.00, 5.00, 8.00, 5.00),
(174, 'Sambar Rice', 250.00, 6.00, 1.00, 0.00, 0.00, 250.00, 45.00, 5.00, 2.00, 6.00, 5.00, 20.00, 4.00, 2.00),
(175, 'Curd Rice', 200.00, 5.00, 2.00, 0.00, 10.00, 100.00, 35.00, 1.00, 3.00, 5.00, 0.00, 0.00, 15.00, 1.00),
(176, 'Vegetable Pulao', 300.00, 10.00, 2.00, 0.00, 0.00, 250.00, 45.00, 5.00, 3.00, 8.00, 5.00, 20.00, 8.00, 4.00),
(177, 'Aloo Gobi', 180.00, 8.00, 1.00, 0.00, 0.00, 300.00, 20.00, 4.00, 2.00, 4.00, 10.00, 30.00, 4.00, 3.00),
(178, 'Baingan Bharta', 150.00, 5.00, 1.00, 0.00, 0.00, 350.00, 20.00, 4.00, 2.00, 4.00, 10.00, 15.00, 4.00, 2.00),
(179, 'Masoor Dal', 200.00, 5.00, 1.00, 0.00, 0.00, 400.00, 30.00, 10.00, 1.00, 10.00, 5.00, 20.00, 6.00, 3.00),
(180, 'Methi Malai Paneer', 400.00, 25.00, 10.00, 0.00, 20.00, 200.00, 30.00, 2.00, 4.00, 12.00, 5.00, 5.00, 15.00, 8.00),
(181, 'Palak Paneer', 300.00, 15.00, 6.00, 0.00, 10.00, 400.00, 20.00, 3.00, 2.00, 12.00, 50.00, 30.00, 20.00, 10.00),
(182, 'Vegetable Korma', 250.00, 12.00, 5.00, 0.00, 0.00, 300.00, 20.00, 5.00, 4.00, 6.00, 15.00, 20.00, 10.00, 5.00),
(183, 'Khichdi', 200.00, 6.00, 1.00, 0.00, 0.00, 200.00, 35.00, 5.00, 1.00, 6.00, 5.00, 5.00, 4.00, 2.00),
(184, 'Rasam Rice', 180.00, 4.00, 1.00, 0.00, 0.00, 100.00, 35.00, 2.00, 1.00, 4.00, 10.00, 20.00, 2.00, 1.00),
(185, 'Prawn Masala', 350.00, 18.00, 6.00, 0.00, 50.00, 300.00, 15.00, 2.00, 3.00, 20.00, 5.00, 5.00, 10.00, 5.00),
(186, 'Kadhi Chawal', 250.00, 8.00, 2.00, 0.00, 0.00, 200.00, 35.00, 2.00, 3.00, 5.00, 5.00, 10.00, 8.00, 2.00),
(187, 'Stuffed Capsicum', 220.00, 10.00, 2.00, 0.00, 0.00, 300.00, 20.00, 5.00, 2.00, 6.00, 15.00, 20.00, 4.00, 3.00),
(188, 'Tamarind Rice', 250.00, 6.00, 1.00, 0.00, 0.00, 150.00, 40.00, 2.00, 2.00, 5.00, 0.00, 10.00, 2.00, 1.00),
(189, 'Vada Curry', 300.00, 15.00, 4.00, 0.00, 0.00, 250.00, 30.00, 4.00, 2.00, 10.00, 5.00, 5.00, 4.00, 3.00),
(190, 'Cabbage Poriyal', 150.00, 5.00, 1.00, 0.00, 0.00, 300.00, 15.00, 5.00, 2.00, 3.00, 10.00, 30.00, 2.00, 1.00),
(191, 'Bhindi Masala', 180.00, 7.00, 1.00, 0.00, 0.00, 300.00, 15.00, 4.00, 2.00, 4.00, 10.00, 25.00, 4.00, 2.00),
(192, 'Aloo Matar', 210.00, 8.00, 1.00, 0.00, 0.00, 250.00, 30.00, 5.00, 3.00, 5.00, 5.00, 15.00, 4.00, 2.00),
(193, 'Pav Bhaji', 300.00, 12.00, 4.00, 0.00, 0.00, 200.00, 40.00, 5.00, 5.00, 6.00, 10.00, 20.00, 6.00, 3.00),
(194, 'Fish Fry', 350.00, 20.00, 7.00, 0.00, 50.00, 300.00, 10.00, 1.00, 0.00, 25.00, 5.00, 5.00, 10.00, 5.00),
(195, 'Chicken Biryani', 500.00, 18.00, 6.00, 0.00, 40.00, 350.00, 55.00, 3.00, 4.00, 25.00, 5.00, 5.00, 15.00, 5.00),
(196, 'Keema Matar', 450.00, 25.00, 10.00, 0.00, 70.00, 300.00, 20.00, 3.00, 2.00, 30.00, 5.00, 5.00, 8.00, 8.00),
(197, 'Egg Curry', 300.00, 15.00, 4.00, 0.00, 100.00, 200.00, 10.00, 1.00, 2.00, 18.00, 10.00, 5.00, 8.00, 4.00),
(198, 'Methi Aloo', 200.00, 8.00, 1.00, 0.00, 0.00, 250.00, 25.00, 5.00, 2.00, 4.00, 10.00, 20.00, 6.00, 2.00),
(199, 'Vegetable Fried Rice', 350.00, 10.00, 2.00, 0.00, 0.00, 300.00, 50.00, 3.00, 3.00, 8.00, 5.00, 10.00, 6.00, 4.00),
(200, 'Kashmiri Dum Aloo', 250.00, 12.00, 3.00, 0.00, 0.00, 200.00, 30.00, 2.00, 2.00, 5.00, 5.00, 5.00, 4.00, 2.00),
(201, 'Paneer Bhurji', 300.00, 15.00, 6.00, 0.00, 30.00, 150.00, 10.00, 2.00, 3.00, 14.00, 10.00, 5.00, 12.00, 6.00),
(202, 'Prawn Biryani', 450.00, 15.00, 5.00, 0.00, 50.00, 350.00, 50.00, 2.00, 4.00, 20.00, 5.00, 5.00, 10.00, 5.00),
(203, 'Beetroot Poriyal', 180.00, 6.00, 1.00, 0.00, 0.00, 300.00, 20.00, 4.00, 2.00, 3.00, 15.00, 25.00, 4.00, 2.00),
(204, 'Roti with Ghee', 150.00, 5.00, 2.00, 0.00, 5.00, 50.00, 25.00, 3.00, 1.00, 3.00, 0.00, 0.00, 2.00, 1.00),
(205, 'Mutton Biryani', 600.00, 25.00, 8.00, 0.00, 70.00, 400.00, 55.00, 2.00, 3.00, 30.00, 5.00, 5.00, 10.00, 10.00),
(206, 'Tomato Rice', 250.00, 8.00, 1.00, 0.00, 0.00, 150.00, 40.00, 2.00, 3.00, 5.00, 5.00, 15.00, 4.00, 2.00),
(207, 'Jeera Rice', 200.00, 5.00, 1.00, 0.00, 0.00, 50.00, 35.00, 1.00, 0.00, 4.00, 0.00, 0.00, 2.00, 1.00),
(208, 'Masala Bhindi', 180.00, 7.00, 1.00, 0.00, 0.00, 300.00, 15.00, 4.00, 2.00, 5.00, 10.00, 25.00, 4.00, 2.00),
(209, 'Karela Sabzi', 150.00, 6.00, 1.00, 0.00, 0.00, 350.00, 12.00, 5.00, 1.00, 4.00, 10.00, 30.00, 4.00, 3.00),
(210, 'Stuffed Paratha', 300.00, 12.00, 3.00, 0.00, 10.00, 100.00, 40.00, 5.00, 2.00, 7.00, 5.00, 5.00, 8.00, 4.00),
(211, 'Tandoori Chicken', 350.00, 15.00, 5.00, 0.00, 60.00, 300.00, 5.00, 1.00, 0.00, 30.00, 10.00, 10.00, 8.00, 6.00),
(212, 'Shahi Paneer', 400.00, 22.00, 10.00, 0.00, 30.00, 200.00, 30.00, 3.00, 4.00, 12.00, 5.00, 5.00, 15.00, 8.00),
(213, 'Gatte ki Sabzi', 250.00, 10.00, 2.00, 0.00, 0.00, 150.00, 30.00, 4.00, 2.00, 8.00, 10.00, 5.00, 4.00, 2.00),
(214, 'Chana Masala', 300.00, 8.00, 2.00, 0.00, 0.00, 350.00, 40.00, 8.00, 3.00, 10.00, 5.00, 15.00, 6.00, 3.00),
(215, 'Bhature', 350.00, 15.00, 4.00, 0.00, 10.00, 50.00, 45.00, 2.00, 4.00, 8.00, 0.00, 0.00, 6.00, 3.00),
(241, 'McDonald\'s Big Mac', 540.00, 28.00, 10.00, 1.00, 80.00, 300.00, 46.00, 3.00, 9.00, 25.00, 6.00, 2.00, 25.00, 4.00),
(242, 'McDonald\'s French Fries (Medium)', 320.00, 15.00, 2.00, 0.00, 0.00, 500.00, 43.00, 4.00, 0.00, 4.00, 0.00, 10.00, 2.00, 2.00),
(243, 'McDonald\'s McChicken', 400.00, 21.00, 4.00, 0.00, 45.00, 300.00, 40.00, 2.00, 5.00, 14.00, 2.00, 2.00, 5.00, 2.00),
(244, 'Domino\'s Pepperoni Pizza (1 slice)', 300.00, 13.00, 6.00, 0.00, 35.00, 150.00, 34.00, 2.00, 2.00, 12.00, 6.00, 2.00, 15.00, 2.00),
(245, 'Domino\'s Veggie Pizza (1 slice)', 240.00, 9.00, 3.00, 0.00, 20.00, 180.00, 32.00, 3.00, 3.00, 10.00, 8.00, 5.00, 20.00, 2.00),
(246, 'Domino\'s Chicken Wings (6 pieces)', 580.00, 40.00, 12.00, 0.00, 140.00, 450.00, 20.00, 1.00, 0.00, 45.00, 2.00, 5.00, 4.00, 3.00),
(247, 'KFC Original Recipe Chicken (Drumstick)', 120.00, 7.00, 2.00, 0.00, 40.00, 200.00, 5.00, 0.00, 0.00, 11.00, 2.00, 0.00, 2.00, 1.00),
(248, 'KFC Popcorn Chicken (Small)', 280.00, 19.00, 3.00, 0.00, 40.00, 350.00, 17.00, 1.00, 0.00, 14.00, 0.00, 0.00, 2.00, 1.00),
(249, 'KFC Chicken Sandwich', 620.00, 33.00, 7.00, 0.00, 70.00, 250.00, 60.00, 2.00, 6.00, 25.00, 0.00, 2.00, 10.00, 3.00),
(250, 'Subway Chicken Teriyaki Sub (6 inch)', 370.00, 5.00, 1.00, 0.00, 50.00, 600.00, 58.00, 5.00, 15.00, 25.00, 30.00, 20.00, 15.00, 2.00),
(251, 'Subway Veggie Delight (6 inch)', 230.00, 3.00, 0.00, 0.00, 0.00, 280.00, 44.00, 5.00, 7.00, 9.00, 40.00, 50.00, 15.00, 3.00),
(252, 'Burger King Whopper', 660.00, 40.00, 12.00, 1.00, 90.00, 500.00, 49.00, 2.00, 11.00, 28.00, 0.00, 10.00, 20.00, 4.00),
(253, 'Burger King Chicken Nuggets (6 pieces)', 280.00, 18.00, 3.00, 0.00, 40.00, 300.00, 18.00, 1.00, 0.00, 12.00, 2.00, 0.00, 4.00, 1.00),
(254, 'Pizza Hut Cheese Pizza (1 slice)', 290.00, 11.00, 5.00, 0.00, 25.00, 150.00, 36.00, 2.00, 3.00, 12.00, 4.00, 2.00, 20.00, 2.00),
(255, 'Pizza Hut Garlic Breadsticks (1 piece)', 150.00, 6.00, 1.00, 0.00, 0.00, 80.00, 22.00, 1.00, 1.00, 4.00, 0.00, 0.00, 5.00, 1.00),
(256, 'Taco Bell Crunchy Taco', 170.00, 9.00, 3.00, 0.00, 25.00, 200.00, 13.00, 3.00, 1.00, 8.00, 2.00, 0.00, 6.00, 1.00),
(257, 'Taco Bell Bean Burrito', 350.00, 10.00, 3.00, 0.00, 15.00, 900.00, 54.00, 12.00, 4.00, 13.00, 0.00, 10.00, 20.00, 3.00),
(258, 'Wendy\'s Dave\'s Single Burger', 590.00, 37.00, 15.00, 1.00, 95.00, 400.00, 37.00, 2.00, 8.00, 28.00, 6.00, 8.00, 15.00, 3.00),
(259, 'Wendy\'s Caesar Side Salad', 240.00, 18.00, 6.00, 0.00, 40.00, 300.00, 7.00, 3.00, 2.00, 7.00, 30.00, 10.00, 15.00, 1.00),
(260, 'Domino\'s Garlic Bread', 150.00, 6.00, 1.00, 0.00, 0.00, 90.00, 20.00, 1.00, 1.00, 3.00, 0.00, 0.00, 5.00, 1.00),
(281, 'Subway Italian BMT Sub (6 inch)', 480.00, 20.00, 7.00, 0.00, 40.00, 850.00, 44.00, 5.00, 5.00, 25.00, 4.00, 10.00, 20.00, 2.00),
(282, 'Subway Chicken Teriyaki Sub (6 inch)', 470.00, 7.00, 2.00, 0.00, 45.00, 680.00, 58.00, 5.00, 11.00, 27.00, 10.00, 15.00, 20.00, 3.00),
(283, 'Subway Veggie Delight Sub (6 inch)', 230.00, 2.00, 0.00, 0.00, 0.00, 500.00, 44.00, 5.00, 7.00, 9.00, 20.00, 20.00, 10.00, 2.00),
(284, 'Subway Steak and Cheese Sub (6 inch)', 380.00, 10.00, 4.00, 0.00, 50.00, 550.00, 44.00, 5.00, 8.00, 25.00, 8.00, 10.00, 15.00, 2.00),
(285, 'Subway Turkey Breast Sub (6 inch)', 290.00, 3.00, 1.00, 0.00, 25.00, 650.00, 46.00, 5.00, 6.00, 21.00, 10.00, 15.00, 20.00, 2.00),
(286, 'Subway Roast Beef Sub (6 inch)', 320.00, 8.00, 3.00, 0.00, 40.00, 590.00, 41.00, 3.00, 6.00, 22.00, 10.00, 10.00, 20.00, 2.00),
(287, 'Subway Chicken Bacon Ranch Sub (6 inch)', 550.00, 23.00, 7.00, 0.00, 60.00, 870.00, 47.00, 5.00, 8.00, 38.00, 6.00, 10.00, 25.00, 3.00),
(288, 'Subway Tuna Salad Sub (6 inch)', 480.00, 28.00, 4.00, 0.00, 40.00, 520.00, 36.00, 3.00, 7.00, 23.00, 4.00, 0.00, 15.00, 2.00),
(289, 'Subway Meatball Marinara Sub (6 inch)', 480.00, 18.00, 7.00, 0.00, 40.00, 750.00, 48.00, 4.00, 8.00, 23.00, 6.00, 2.00, 20.00, 3.00),
(290, 'Subway Spicy Italian Sub (6 inch)', 480.00, 24.00, 9.00, 0.00, 50.00, 850.00, 39.00, 4.00, 3.00, 21.00, 4.00, 0.00, 15.00, 2.00),
(291, 'Subway Club Sub (6 inch)', 310.00, 6.00, 2.00, 0.00, 30.00, 650.00, 39.00, 5.00, 6.00, 22.00, 4.00, 10.00, 20.00, 2.00),
(292, 'Subway Southwest Chicken Sub (6 inch)', 400.00, 9.00, 2.00, 0.00, 50.00, 850.00, 43.00, 4.00, 6.00, 30.00, 6.00, 20.00, 20.00, 3.00),
(293, 'Subway Veggie Patty Sub (6 inch)', 370.00, 10.00, 2.00, 0.00, 0.00, 600.00, 54.00, 6.00, 7.00, 21.00, 6.00, 20.00, 15.00, 3.00),
(294, 'Subway BBQ Chicken Sub (6 inch)', 380.00, 8.00, 2.00, 0.00, 40.00, 730.00, 45.00, 5.00, 8.00, 30.00, 4.00, 10.00, 15.00, 3.00),
(295, 'Subway Philly Cheesesteak Sub (6 inch)', 440.00, 18.00, 7.00, 0.00, 50.00, 640.00, 38.00, 4.00, 6.00, 27.00, 6.00, 15.00, 15.00, 2.00),
(296, 'Subway Chicken Caesar Sub (6 inch)', 410.00, 14.00, 4.00, 0.00, 40.00, 780.00, 41.00, 4.00, 6.00, 28.00, 8.00, 6.00, 20.00, 3.00),
(297, 'Subway Chicken Pizziola Sub (6 inch)', 480.00, 19.00, 7.00, 0.00, 45.00, 780.00, 44.00, 5.00, 8.00, 27.00, 6.00, 15.00, 25.00, 3.00),
(298, 'Subway Black Forest Ham Sub (6 inch)', 290.00, 3.00, 1.00, 0.00, 25.00, 590.00, 44.00, 5.00, 7.00, 20.00, 6.00, 10.00, 20.00, 2.00),
(299, 'Subway Bacon, Egg & Cheese Muffin', 300.00, 14.00, 6.00, 0.00, 110.00, 300.00, 29.00, 2.00, 5.00, 16.00, 10.00, 0.00, 15.00, 1.00),
(300, 'Subway Breakfast B.M.T. Muffin', 360.00, 18.00, 7.00, 0.00, 55.00, 600.00, 35.00, 2.00, 5.00, 21.00, 8.00, 2.00, 10.00, 2.00),
(301, 'Subway 6\" Veggie Delight Flatbread', 230.00, 4.00, 0.00, 0.00, 0.00, 500.00, 44.00, 5.00, 7.00, 9.00, 20.00, 20.00, 10.00, 2.00),
(302, 'Subway 6\" Tuna Salad Flatbread', 480.00, 28.00, 4.00, 0.00, 40.00, 520.00, 36.00, 3.00, 7.00, 23.00, 4.00, 0.00, 15.00, 2.00),
(303, 'Subway 6\" Chicken Teriyaki Flatbread', 470.00, 7.00, 2.00, 0.00, 45.00, 680.00, 58.00, 5.00, 11.00, 27.00, 10.00, 15.00, 20.00, 3.00),
(304, 'Subway 6\" Meatball Marinara Flatbread', 480.00, 18.00, 7.00, 0.00, 40.00, 750.00, 48.00, 4.00, 8.00, 23.00, 6.00, 2.00, 20.00, 3.00),
(305, 'Subway 6\" Chicken Bacon Ranch Flatbread', 550.00, 23.00, 7.00, 0.00, 60.00, 870.00, 47.00, 5.00, 8.00, 38.00, 6.00, 10.00, 25.00, 3.00),
(306, 'Subway 6\" Spicy Italian Flatbread', 480.00, 24.00, 9.00, 0.00, 50.00, 850.00, 39.00, 4.00, 3.00, 21.00, 4.00, 0.00, 15.00, 2.00),
(307, 'Subway 6\" Veggie Patty Flatbread', 370.00, 10.00, 2.00, 0.00, 0.00, 600.00, 54.00, 6.00, 7.00, 21.00, 6.00, 20.00, 15.00, 3.00),
(308, 'Subway 6\" BBQ Chicken Flatbread', 380.00, 8.00, 2.00, 0.00, 40.00, 730.00, 45.00, 5.00, 8.00, 30.00, 4.00, 10.00, 15.00, 3.00),
(309, 'Subway 6\" Philly Cheesesteak Flatbread', 440.00, 18.00, 7.00, 0.00, 50.00, 640.00, 38.00, 4.00, 6.00, 27.00, 6.00, 15.00, 15.00, 2.00),
(310, 'Subway 6\" Black Forest Ham Flatbread', 290.00, 3.00, 1.00, 0.00, 25.00, 590.00, 44.00, 5.00, 7.00, 20.00, 6.00, 10.00, 20.00, 2.00),
(311, 'Subway 6\" Chicken Caesar Flatbread', 410.00, 14.00, 4.00, 0.00, 40.00, 780.00, 41.00, 4.00, 6.00, 28.00, 8.00, 6.00, 20.00, 3.00),
(312, 'Subway 6\" Chicken Pizziola Flatbread', 480.00, 19.00, 7.00, 0.00, 45.00, 780.00, 44.00, 5.00, 8.00, 27.00, 6.00, 15.00, 25.00, 3.00),
(401, 'Pizza Hut Pepperoni Pizza (Medium 1 Slice)', 290.00, 13.00, 6.00, 0.00, 25.00, 200.00, 29.00, 2.00, 1.00, 12.00, 10.00, 0.00, 10.00, 2.00),
(402, 'Pizza Hut Margherita Pizza (Medium 1 Slice)', 220.00, 8.00, 3.00, 0.00, 15.00, 180.00, 30.00, 2.00, 3.00, 9.00, 10.00, 2.00, 15.00, 2.00),
(403, 'Pizza Hut Veggie Lovers Pizza (Medium 1 Slice)', 230.00, 7.00, 2.00, 0.00, 20.00, 180.00, 32.00, 3.00, 4.00, 8.00, 15.00, 6.00, 20.00, 2.00),
(404, 'Pizza Hut BBQ Chicken Pizza (Medium 1 Slice)', 320.00, 14.00, 5.00, 0.00, 35.00, 250.00, 34.00, 3.00, 6.00, 14.00, 10.00, 6.00, 20.00, 3.00),
(405, 'Pizza Hut Meat Lovers Pizza (Medium 1 Slice)', 380.00, 18.00, 7.00, 0.00, 45.00, 280.00, 31.00, 2.00, 2.00, 17.00, 6.00, 0.00, 15.00, 3.00),
(406, 'Pizza Hut Hawaiian Pizza (Medium 1 Slice)', 250.00, 10.00, 4.00, 0.00, 30.00, 200.00, 28.00, 2.00, 5.00, 12.00, 10.00, 4.00, 20.00, 2.00),
(407, 'Pizza Hut Supreme Pizza (Medium 1 Slice)', 330.00, 14.00, 6.00, 0.00, 40.00, 260.00, 34.00, 3.00, 4.00, 16.00, 8.00, 2.00, 20.00, 3.00),
(408, 'Pizza Hut Buffalo Chicken Pizza (Medium 1 Slice)', 350.00, 15.00, 6.00, 0.00, 40.00, 230.00, 35.00, 3.00, 5.00, 18.00, 8.00, 6.00, 20.00, 3.00),
(409, 'Pizza Hut 4 Cheese Pizza (Medium 1 Slice)', 290.00, 12.00, 6.00, 0.00, 30.00, 200.00, 31.00, 2.00, 3.00, 14.00, 20.00, 4.00, 15.00, 2.00),
(410, 'Pizza Hut Veggie Pizza (Personal 1 Slice)', 170.00, 6.00, 2.00, 0.00, 15.00, 130.00, 25.00, 2.00, 4.00, 7.00, 10.00, 10.00, 10.00, 2.00),
(411, 'Pizza Hut Pepperoni Pizza (Personal 1 Slice)', 230.00, 10.00, 4.00, 0.00, 20.00, 160.00, 25.00, 2.00, 1.00, 10.00, 8.00, 0.00, 10.00, 2.00),
(412, 'Pizza Hut BBQ Chicken Pizza (Personal 1 Slice)', 290.00, 12.00, 5.00, 0.00, 30.00, 220.00, 29.00, 3.00, 5.00, 13.00, 6.00, 4.00, 20.00, 3.00),
(413, 'Pizza Hut Margherita Pizza (Personal 1 Slice)', 210.00, 7.00, 3.00, 0.00, 15.00, 150.00, 27.00, 2.00, 3.00, 8.00, 6.00, 2.00, 15.00, 2.00),
(414, 'Pizza Hut Meat Lovers Pizza (Personal 1 Slice)', 350.00, 15.00, 6.00, 0.00, 40.00, 240.00, 31.00, 3.00, 2.00, 14.00, 6.00, 0.00, 15.00, 3.00),
(415, 'Pizza Hut Stuffed Crust Pepperoni Pizza (1 Slice)', 410.00, 20.00, 9.00, 0.00, 45.00, 320.00, 30.00, 3.00, 1.00, 16.00, 10.00, 2.00, 15.00, 4.00),
(416, 'Pizza Hut Stuffed Crust Cheese Pizza (1 Slice)', 390.00, 18.00, 7.00, 0.00, 40.00, 310.00, 31.00, 3.00, 2.00, 14.00, 20.00, 4.00, 10.00, 3.00),
(417, 'Pizza Hut Thin Crust Pepperoni Pizza (1 Slice)', 220.00, 9.00, 4.00, 0.00, 20.00, 160.00, 22.00, 2.00, 1.00, 9.00, 8.00, 0.00, 10.00, 2.00),
(418, 'Pizza Hut Thin Crust Margherita Pizza (1 Slice)', 190.00, 7.00, 3.00, 0.00, 15.00, 140.00, 23.00, 2.00, 3.00, 8.00, 6.00, 2.00, 10.00, 2.00),
(419, 'Pizza Hut Thin Crust Veggie Pizza (1 Slice)', 210.00, 8.00, 3.00, 0.00, 20.00, 150.00, 25.00, 3.00, 4.00, 7.00, 10.00, 4.00, 15.00, 2.00),
(420, 'Pizza Hut Thin Crust BBQ Chicken Pizza (1 Slice)', 290.00, 12.00, 5.00, 0.00, 30.00, 200.00, 28.00, 3.00, 5.00, 12.00, 8.00, 4.00, 18.00, 3.00),
(421, 'Pizza Hut Caesar Salad', 320.00, 25.00, 4.00, 0.00, 30.00, 180.00, 10.00, 4.00, 6.00, 6.00, 8.00, 6.00, 15.00, 2.00),
(422, 'Pizza Hut Garden Salad', 150.00, 9.00, 1.00, 0.00, 0.00, 220.00, 17.00, 5.00, 7.00, 4.00, 10.00, 20.00, 10.00, 2.00),
(423, 'Pizza Hut Buffalo Wings (6 pieces)', 430.00, 26.00, 8.00, 0.00, 75.00, 300.00, 20.00, 10.00, 1.00, 28.00, 8.00, 0.00, 10.00, 4.00),
(424, 'Pizza Hut Breadsticks (4 pieces)', 400.00, 20.00, 5.00, 0.00, 15.00, 330.00, 46.00, 2.00, 3.00, 8.00, 10.00, 2.00, 10.00, 2.00),
(425, 'Pizza Hut Garlic Breadsticks (4 pieces)', 420.00, 22.00, 5.00, 0.00, 20.00, 320.00, 46.00, 2.00, 4.00, 9.00, 8.00, 2.00, 10.00, 2.00),
(426, 'Pizza Hut Cinnamon Sticks (4 pieces)', 350.00, 15.00, 7.00, 0.00, 30.00, 220.00, 42.00, 2.00, 19.00, 3.00, 8.00, 0.00, 10.00, 2.00),
(427, 'Pizza Hut Cheesy Bites Pizza (1 Slice)', 340.00, 17.00, 7.00, 0.00, 35.00, 270.00, 33.00, 3.00, 1.00, 15.00, 12.00, 0.00, 20.00, 4.00),
(428, 'Pizza Hut Personal Pan Pizza (Cheese)', 410.00, 20.00, 8.00, 0.00, 35.00, 300.00, 38.00, 2.00, 3.00, 15.00, 10.00, 2.00, 20.00, 3.00),
(429, 'Pizza Hut Personal Pan Pizza (Pepperoni)', 460.00, 23.00, 9.00, 0.00, 40.00, 320.00, 40.00, 2.00, 1.00, 18.00, 12.00, 0.00, 20.00, 4.00),
(430, 'Pizza Hut Personal Pan Pizza (Veggie)', 430.00, 18.00, 7.00, 0.00, 30.00, 270.00, 43.00, 3.00, 4.00, 12.00, 10.00, 2.00, 15.00, 3.00),
(431, 'Pizza Hut Personal Pan Pizza (BBQ Chicken)', 500.00, 22.00, 9.00, 0.00, 45.00, 330.00, 44.00, 3.00, 5.00, 20.00, 8.00, 4.00, 25.00, 4.00),
(432, 'Pizza Hut Soft Drink (12 oz)', 150.00, 0.00, 0.00, 0.00, 0.00, 0.00, 41.00, 0.00, 41.00, 0.00, 0.00, 0.00, 0.00, 0.00),
(433, 'Pizza Hut Iced Tea (12 oz)', 120.00, 0.00, 0.00, 0.00, 0.00, 0.00, 31.00, 30.00, 29.00, 0.00, 0.00, 0.00, 0.00, 0.00),
(501, 'McDonald\'s Big Mac', 550.00, 29.00, 10.00, 1.00, 45.00, 495.00, 45.00, 3.00, 9.00, 25.00, 15.00, 0.00, 20.00, 15.00),
(502, 'McDonald\'s Cheeseburger', 300.00, 12.00, 6.00, 0.00, 30.00, 250.00, 32.00, 2.00, 7.00, 15.00, 6.00, 0.00, 10.00, 8.00),
(503, 'McDonald\'s Quarter Pounder with Cheese', 520.00, 26.00, 12.00, 1.00, 85.00, 350.00, 40.00, 2.00, 9.00, 29.00, 20.00, 0.00, 25.00, 20.00),
(504, 'McDonald\'s Hamburger', 250.00, 9.00, 4.00, 0.00, 25.00, 210.00, 31.00, 2.00, 6.00, 13.00, 4.00, 0.00, 10.00, 6.00),
(505, 'McDonald\'s McChicken', 400.00, 22.00, 3.00, 0.00, 35.00, 450.00, 39.00, 2.00, 5.00, 14.00, 8.00, 0.00, 15.00, 15.00),
(506, 'McDonald\'s Spicy McChicken', 420.00, 22.00, 3.00, 0.00, 35.00, 450.00, 39.00, 2.00, 5.00, 15.00, 8.00, 0.00, 15.00, 15.00),
(507, 'McDonald\'s Chicken McNuggets (4 pieces)', 180.00, 11.00, 1.00, 0.00, 30.00, 200.00, 9.00, 1.00, 0.00, 10.00, 0.00, 0.00, 2.00, 2.00),
(508, 'McDonald\'s Chicken McNuggets (6 pieces)', 270.00, 16.00, 2.00, 0.00, 40.00, 300.00, 13.00, 1.00, 0.00, 15.00, 0.00, 0.00, 3.00, 3.00),
(509, 'McDonald\'s Egg McMuffin', 300.00, 12.00, 5.00, 0.00, 260.00, 270.00, 30.00, 2.00, 1.00, 17.00, 10.00, 0.00, 10.00, 15.00),
(510, 'McDonald\'s Sausage McMuffin', 400.00, 23.00, 9.00, 0.00, 40.00, 450.00, 28.00, 2.00, 1.00, 15.00, 10.00, 0.00, 8.00, 15.00),
(511, 'McDonald\'s Bacon, Egg & Cheese Biscuit', 550.00, 31.00, 12.00, 1.00, 100.00, 460.00, 45.00, 2.00, 3.00, 17.00, 10.00, 0.00, 12.00, 15.00),
(512, 'McDonald\'s Bacon, Egg & Cheese McGriddles', 550.00, 28.00, 10.00, 0.00, 105.00, 480.00, 57.00, 2.00, 17.00, 20.00, 10.00, 0.00, 15.00, 10.00),
(513, 'McDonald\'s McCafe Coffee (Small)', 120.00, 0.00, 0.00, 0.00, 0.00, 0.00, 30.00, 30.00, 28.00, 0.00, 0.00, 0.00, 0.00, 0.00),
(514, 'McDonald\'s McCafe Iced Coffee (Small)', 200.00, 5.00, 2.00, 0.00, 10.00, 160.00, 35.00, 28.00, 28.00, 17.00, 0.00, 0.00, 4.00, 2.00),
(515, 'McDonald\'s French Fries (Small)', 230.00, 11.00, 1.00, 0.00, 0.00, 200.00, 29.00, 3.00, 0.00, 3.00, 0.00, 0.00, 0.00, 2.00),
(516, 'McDonald\'s French Fries (Medium)', 340.00, 16.00, 2.00, 0.00, 0.00, 300.00, 44.00, 4.00, 0.00, 4.00, 0.00, 0.00, 0.00, 3.00),
(517, 'McDonald\'s French Fries (Large)', 490.00, 23.00, 3.00, 0.00, 0.00, 450.00, 66.00, 6.00, 0.00, 6.00, 0.00, 0.00, 0.00, 4.00),
(518, 'McDonald\'s Apple Pie', 250.00, 11.00, 1.00, 0.00, 0.00, 20.00, 33.00, 2.00, 17.00, 2.00, 0.00, 0.00, 2.00, 2.00),
(519, 'McDonald\'s Side Salad', 15.00, 0.00, 0.00, 0.00, 0.00, 60.00, 3.00, 2.00, 1.00, 1.00, 10.00, 10.00, 10.00, 0.00),
(520, 'McDonald\'s Grilled Chicken Sandwich', 380.00, 10.00, 2.00, 0.00, 70.00, 700.00, 41.00, 5.00, 6.00, 27.00, 10.00, 0.00, 20.00, 10.00),
(521, 'McDonald\'s Crispy Chicken Sandwich', 510.00, 21.00, 3.00, 0.00, 40.00, 600.00, 45.00, 5.00, 7.00, 26.00, 10.00, 0.00, 20.00, 12.00),
(522, 'McDonald\'s Deluxe Crispy Chicken Sandwich', 650.00, 28.00, 4.00, 0.00, 45.00, 700.00, 49.00, 6.00, 7.00, 32.00, 10.00, 0.00, 20.00, 15.00),
(523, 'McDonald\'s McFlurry with M&M\'s (Small)', 510.00, 21.00, 12.00, 0.00, 40.00, 240.00, 68.00, 3.00, 53.00, 6.00, 10.00, 0.00, 10.00, 4.00),
(524, 'McDonald\'s McFlurry with Oreo (Small)', 510.00, 22.00, 12.00, 0.00, 45.00, 240.00, 69.00, 3.00, 53.00, 5.00, 10.00, 0.00, 10.00, 4.00),
(525, 'McDonald\'s Soft Drink (Small)', 150.00, 0.00, 0.00, 0.00, 0.00, 0.00, 41.00, 41.00, 41.00, 0.00, 0.00, 0.00, 0.00, 0.00),
(526, 'McDonald\'s Soft Drink (Medium)', 210.00, 0.00, 0.00, 0.00, 0.00, 0.00, 58.00, 58.00, 58.00, 0.00, 0.00, 0.00, 0.00, 0.00),
(527, 'McDonald\'s Soft Drink (Large)', 280.00, 0.00, 0.00, 0.00, 0.00, 0.00, 78.00, 78.00, 78.00, 0.00, 0.00, 0.00, 0.00, 0.00),
(528, 'McDonald\'s Iced Tea (Small)', 120.00, 0.00, 0.00, 0.00, 0.00, 0.00, 31.00, 29.00, 29.00, 0.00, 0.00, 0.00, 0.00, 0.00),
(529, 'McDonald\'s Iced Tea (Medium)', 160.00, 0.00, 0.00, 0.00, 0.00, 0.00, 42.00, 38.00, 38.00, 0.00, 0.00, 0.00, 0.00, 0.00),
(530, 'McDonald\'s Iced Tea (Large)', 200.00, 0.00, 0.00, 0.00, 0.00, 0.00, 54.00, 47.00, 47.00, 0.00, 0.00, 0.00, 0.00, 0.00),
(531, 'McDonald\'s Milk (Small)', 100.00, 2.00, 1.00, 0.00, 10.00, 105.00, 12.00, 0.00, 12.00, 8.00, 10.00, 0.00, 15.00, 8.00),
(532, 'McDonald\'s Milk (Medium)', 150.00, 3.00, 2.00, 0.00, 15.00, 155.00, 18.00, 0.00, 18.00, 12.00, 10.00, 0.00, 15.00, 10.00),
(533, 'McDonald\'s Chocolate Shake (Small)', 530.00, 17.00, 9.00, 0.00, 60.00, 280.00, 76.00, 3.00, 63.00, 10.00, 10.00, 0.00, 15.00, 6.00),
(534, 'McDonald\'s Chocolate Shake (Medium)', 710.00, 23.00, 13.00, 0.00, 80.00, 350.00, 101.00, 4.00, 82.00, 14.00, 10.00, 0.00, 15.00, 8.00),
(535, 'McDonald\'s Chocolate Shake (Large)', 880.00, 29.00, 15.00, 0.00, 100.00, 420.00, 126.00, 5.00, 102.00, 18.00, 10.00, 0.00, 15.00, 10.00),
(601, 'KFC Original Recipe Chicken (1 piece)', 320.00, 21.00, 3.00, 0.00, 55.00, 300.00, 11.00, 1.00, 0.00, 18.00, 6.00, 0.00, 2.00, 10.00),
(602, 'KFC Extra Crispy Chicken (1 piece)', 420.00, 28.00, 5.00, 0.00, 50.00, 300.00, 19.00, 1.00, 1.00, 24.00, 6.00, 0.00, 4.00, 15.00),
(603, 'KFC Chicken Tenders (3 pieces)', 360.00, 19.00, 2.50, 0.00, 45.00, 550.00, 29.00, 1.00, 2.00, 25.00, 6.00, 0.00, 6.00, 10.00),
(604, 'KFC Popcorn Chicken (Regular)', 400.00, 22.00, 2.50, 0.00, 50.00, 350.00, 26.00, 2.00, 1.00, 20.00, 4.00, 0.00, 2.00, 8.00),
(605, 'KFC Popcorn Chicken (Large)', 600.00, 33.00, 3.50, 0.00, 75.00, 550.00, 39.00, 3.00, 2.00, 30.00, 6.00, 0.00, 3.00, 12.00),
(606, 'KFC Famous Bowl', 720.00, 32.00, 9.00, 0.00, 55.00, 600.00, 81.00, 6.00, 10.00, 22.00, 6.00, 4.00, 15.00, 15.00),
(607, 'KFC Chicken Sandwich', 540.00, 23.00, 4.00, 0.00, 55.00, 700.00, 53.00, 4.00, 6.00, 26.00, 10.00, 0.00, 15.00, 10.00),
(608, 'KFC Zinger Sandwich', 590.00, 28.00, 4.00, 0.00, 55.00, 650.00, 50.00, 5.00, 8.00, 30.00, 10.00, 0.00, 12.00, 15.00),
(609, 'KFC Chicken Little Sandwich', 370.00, 16.00, 2.00, 0.00, 35.00, 400.00, 35.00, 3.00, 4.00, 18.00, 8.00, 0.00, 8.00, 10.00),
(610, 'KFC Classic Chicken Sandwich', 650.00, 29.00, 5.00, 0.00, 60.00, 800.00, 58.00, 5.00, 6.00, 34.00, 12.00, 0.00, 15.00, 20.00),
(611, 'KFC Chicken Popcorn Snack Box', 480.00, 24.00, 3.00, 0.00, 40.00, 450.00, 35.00, 3.00, 4.00, 25.00, 6.00, 0.00, 4.00, 10.00),
(612, 'KFC Mashed Potatoes with Gravy (Regular)', 120.00, 3.00, 1.00, 0.00, 0.00, 320.00, 22.00, 2.00, 1.00, 3.00, 0.00, 2.00, 2.00, 2.00),
(613, 'KFC Mashed Potatoes with Gravy (Large)', 220.00, 7.00, 2.00, 0.00, 0.00, 500.00, 39.00, 3.00, 2.00, 7.00, 0.00, 4.00, 4.00, 4.00),
(614, 'KFC Coleslaw (Regular)', 150.00, 10.00, 1.00, 0.00, 0.00, 45.00, 15.00, 17.00, 2.00, 14.00, 2.00, 2.00, 6.00, 2.00),
(615, 'KFC Coleslaw (Large)', 300.00, 20.00, 2.00, 0.00, 0.00, 100.00, 30.00, 34.00, 3.00, 28.00, 4.00, 2.00, 12.00, 4.00),
(616, 'KFC Fries (Regular)', 290.00, 15.00, 2.50, 0.00, 0.00, 220.00, 36.00, 3.00, 0.00, 4.00, 2.00, 0.00, 0.00, 4.00),
(617, 'KFC Fries (Large)', 420.00, 22.00, 3.50, 0.00, 0.00, 300.00, 52.00, 4.00, 0.00, 6.00, 3.00, 0.00, 0.00, 6.00),
(618, 'KFC Biscuit (1 piece)', 150.00, 7.00, 2.00, 0.00, 0.00, 380.00, 21.00, 1.00, 0.00, 3.00, 2.00, 0.00, 2.00, 4.00),
(619, 'KFC Biscuit (3 pieces)', 450.00, 21.00, 6.00, 0.00, 0.00, 999.99, 63.00, 3.00, 0.00, 9.00, 6.00, 0.00, 6.00, 12.00),
(620, 'KFC Gravy (Regular)', 60.00, 4.00, 1.00, 0.00, 10.00, 200.00, 5.00, 0.00, 0.00, 1.00, 0.00, 2.00, 2.00, 2.00),
(621, 'KFC Gravy (Large)', 100.00, 7.00, 1.50, 0.00, 15.00, 320.00, 9.00, 0.00, 1.00, 2.00, 0.00, 3.00, 4.00, 4.00),
(622, 'KFC Mashed Potatoes (No Gravy) (Regular)', 110.00, 2.00, 0.50, 0.00, 0.00, 230.00, 23.00, 2.00, 0.00, 3.00, 0.00, 2.00, 2.00, 2.00),
(623, 'KFC Mashed Potatoes (No Gravy) (Large)', 200.00, 5.00, 1.00, 0.00, 0.00, 460.00, 43.00, 3.00, 0.00, 7.00, 0.00, 4.00, 4.00, 4.00),
(624, 'KFC Potato Wedges (Regular)', 290.00, 16.00, 2.50, 0.00, 0.00, 220.00, 33.00, 3.00, 0.00, 5.00, 3.00, 0.00, 2.00, 6.00),
(625, 'KFC Potato Wedges (Large)', 440.00, 24.00, 4.00, 0.00, 0.00, 340.00, 50.00, 5.00, 0.00, 7.00, 4.00, 0.00, 3.00, 8.00),
(626, 'KFC Chocolate Chip Cookie', 180.00, 9.00, 4.50, 0.00, 0.00, 25.00, 24.00, 1.00, 14.00, 2.00, 4.00, 0.00, 0.00, 2.00),
(627, 'KFC Lemonade (Small)', 160.00, 0.00, 0.00, 0.00, 0.00, 25.00, 43.00, 43.00, 42.00, 38.00, 1.00, 0.00, 2.00, 2.00),
(628, 'KFC Lemonade (Medium)', 220.00, 0.00, 0.00, 0.00, 0.00, 35.00, 58.00, 58.00, 58.00, 55.00, 1.00, 0.00, 3.00, 4.00),
(629, 'KFC Lemonade (Large)', 280.00, 0.00, 0.00, 0.00, 0.00, 45.00, 73.00, 73.00, 72.00, 73.00, 1.00, 0.00, 4.00, 5.00),
(630, 'KFC Soft Drink (Small)', 150.00, 0.00, 0.00, 0.00, 0.00, 40.00, 40.00, 40.00, 39.00, 0.00, 0.00, 0.00, 0.00, 0.00),
(631, 'KFC Soft Drink (Medium)', 210.00, 0.00, 0.00, 0.00, 0.00, 55.00, 55.00, 55.00, 55.00, 0.00, 0.00, 0.00, 0.00, 0.00),
(632, 'KFC Soft Drink (Large)', 280.00, 0.00, 0.00, 0.00, 0.00, 75.00, 75.00, 75.00, 75.00, 0.00, 0.00, 0.00, 0.00, 0.00),
(633, 'KFC Iced Tea (Small)', 120.00, 0.00, 0.00, 0.00, 0.00, 40.00, 30.00, 30.00, 30.00, 0.00, 0.00, 0.00, 0.00, 0.00),
(634, 'KFC Iced Tea (Medium)', 160.00, 0.00, 0.00, 0.00, 0.00, 60.00, 45.00, 45.00, 45.00, 0.00, 0.00, 0.00, 0.00, 0.00),
(635, 'KFC Iced Tea (Large)', 200.00, 0.00, 0.00, 0.00, 0.00, 80.00, 60.00, 60.00, 60.00, 0.00, 0.00, 0.00, 0.00, 0.00),
(636, 'KFC Chocolate Cake', 310.00, 15.00, 7.00, 0.00, 30.00, 280.00, 40.00, 2.00, 29.00, 3.00, 6.00, 2.00, 6.00, 2.00),
(701, 'Starbucks Coffee (Short)', 5.00, 0.00, 0.00, 0.00, 0.00, 0.00, 1.00, 0.00, 0.00, 0.00, 0.00, 0.00, 0.00, 0.00),
(702, 'Starbucks Coffee (Tall)', 10.00, 0.00, 0.00, 0.00, 0.00, 0.00, 2.00, 0.00, 0.00, 0.00, 0.00, 0.00, 0.00, 0.00),
(703, 'Starbucks Coffee (Grande)', 15.00, 0.00, 0.00, 0.00, 0.00, 0.00, 3.00, 0.00, 0.00, 0.00, 0.00, 0.00, 0.00, 0.00),
(704, 'Starbucks Coffee (Venti)', 20.00, 0.00, 0.00, 0.00, 0.00, 0.00, 4.00, 0.00, 0.00, 0.00, 0.00, 0.00, 0.00, 0.00),
(705, 'Espresso (Single)', 5.00, 0.00, 0.00, 0.00, 0.00, 0.00, 0.00, 0.00, 0.00, 0.00, 0.00, 0.00, 0.00, 0.00),
(706, 'Espresso (Double)', 10.00, 0.00, 0.00, 0.00, 0.00, 0.00, 0.00, 0.00, 0.00, 0.00, 0.00, 0.00, 0.00, 0.00),
(707, 'Caffè Americano (Tall)', 15.00, 0.00, 0.00, 0.00, 0.00, 0.00, 3.00, 0.00, 0.00, 0.00, 0.00, 0.00, 0.00, 0.00),
(708, 'Caffè Americano (Grande)', 20.00, 0.00, 0.00, 0.00, 0.00, 0.00, 4.00, 0.00, 0.00, 0.00, 0.00, 0.00, 0.00, 0.00),
(709, 'Caffè Americano (Venti)', 25.00, 0.00, 0.00, 0.00, 0.00, 0.00, 5.00, 0.00, 0.00, 0.00, 0.00, 0.00, 0.00, 0.00),
(710, 'Latte (Tall)', 190.00, 7.00, 4.00, 0.00, 20.00, 250.00, 18.00, 0.00, 16.00, 12.00, 0.00, 0.00, 20.00, 0.00),
(711, 'Latte (Grande)', 250.00, 10.00, 6.00, 0.00, 30.00, 380.00, 22.00, 0.00, 22.00, 14.00, 0.00, 0.00, 30.00, 0.00),
(712, 'Latte (Venti)', 310.00, 13.00, 8.00, 0.00, 40.00, 510.00, 26.00, 0.00, 29.00, 16.00, 0.00, 0.00, 40.00, 0.00),
(713, 'Caramel Macchiato (Tall)', 250.00, 8.00, 5.00, 0.00, 25.00, 260.00, 30.00, 0.00, 31.00, 9.00, 0.00, 0.00, 20.00, 0.00),
(714, 'Caramel Macchiato (Grande)', 330.00, 10.00, 6.00, 0.00, 35.00, 380.00, 38.00, 0.00, 39.00, 11.00, 0.00, 0.00, 30.00, 0.00),
(715, 'Caramel Macchiato (Venti)', 400.00, 13.00, 8.00, 0.00, 45.00, 500.00, 46.00, 0.00, 47.00, 13.00, 0.00, 0.00, 40.00, 0.00),
(716, 'Flat White (Tall)', 220.00, 9.00, 5.00, 0.00, 30.00, 220.00, 19.00, 0.00, 20.00, 10.00, 0.00, 0.00, 25.00, 0.00),
(717, 'Flat White (Grande)', 290.00, 12.00, 7.00, 0.00, 40.00, 340.00, 25.00, 0.00, 27.00, 12.00, 0.00, 0.00, 35.00, 0.00),
(718, 'Flat White (Venti)', 350.00, 15.00, 9.00, 0.00, 50.00, 450.00, 32.00, 0.00, 34.00, 14.00, 0.00, 0.00, 45.00, 0.00),
(719, 'Mocha (Tall)', 290.00, 11.00, 7.00, 0.00, 25.00, 300.00, 34.00, 0.00, 35.00, 9.00, 0.00, 0.00, 20.00, 0.00),
(720, 'Mocha (Grande)', 370.00, 14.00, 9.00, 0.00, 35.00, 450.00, 44.00, 0.00, 43.00, 11.00, 0.00, 0.00, 30.00, 0.00),
(721, 'Mocha (Venti)', 450.00, 18.00, 12.00, 0.00, 45.00, 600.00, 53.00, 0.00, 52.00, 13.00, 0.00, 0.00, 40.00, 0.00),
(722, 'Iced Coffee (Tall)', 80.00, 0.00, 0.00, 0.00, 0.00, 0.00, 18.00, 0.00, 20.00, 1.00, 0.00, 0.00, 0.00, 0.00),
(723, 'Iced Coffee (Grande)', 120.00, 0.00, 0.00, 0.00, 0.00, 0.00, 25.00, 0.00, 29.00, 1.00, 0.00, 0.00, 0.00, 0.00),
(724, 'Iced Coffee (Venti)', 160.00, 0.00, 0.00, 0.00, 0.00, 0.00, 32.00, 0.00, 39.00, 2.00, 0.00, 0.00, 0.00, 0.00),
(725, 'Iced Caramel Macchiato (Tall)', 230.00, 7.00, 4.00, 0.00, 25.00, 260.00, 30.00, 0.00, 31.00, 8.00, 0.00, 0.00, 20.00, 0.00),
(726, 'Iced Caramel Macchiato (Grande)', 310.00, 10.00, 6.00, 0.00, 35.00, 380.00, 38.00, 0.00, 39.00, 10.00, 0.00, 0.00, 30.00, 0.00),
(727, 'Iced Caramel Macchiato (Venti)', 380.00, 13.00, 8.00, 0.00, 45.00, 500.00, 46.00, 0.00, 47.00, 12.00, 0.00, 0.00, 40.00, 0.00),
(728, 'Iced Latte (Tall)', 100.00, 3.00, 2.00, 0.00, 10.00, 140.00, 10.00, 0.00, 14.00, 6.00, 0.00, 0.00, 20.00, 0.00),
(729, 'Iced Latte (Grande)', 140.00, 5.00, 3.00, 0.00, 15.00, 200.00, 14.00, 0.00, 19.00, 8.00, 0.00, 0.00, 25.00, 0.00),
(730, 'Iced Latte (Venti)', 180.00, 7.00, 4.00, 0.00, 20.00, 270.00, 18.00, 0.00, 24.00, 10.00, 0.00, 0.00, 30.00, 0.00),
(731, 'Iced Mocha (Tall)', 310.00, 12.00, 7.00, 0.00, 30.00, 350.00, 35.00, 0.00, 41.00, 9.00, 0.00, 0.00, 20.00, 0.00),
(732, 'Iced Mocha (Grande)', 380.00, 15.00, 9.00, 0.00, 40.00, 480.00, 45.00, 0.00, 51.00, 11.00, 0.00, 0.00, 30.00, 0.00),
(733, 'Iced Mocha (Venti)', 460.00, 18.00, 12.00, 0.00, 50.00, 600.00, 54.00, 0.00, 61.00, 13.00, 0.00, 0.00, 40.00, 0.00),
(734, 'Starbucks Chocolate Cake Pop', 170.00, 7.00, 3.50, 0.00, 10.00, 20.00, 24.00, 0.00, 26.00, 2.00, 0.00, 0.00, 2.00, 0.00),
(735, 'Starbucks Birthday Cake Pop', 170.00, 7.00, 3.50, 0.00, 10.00, 25.00, 25.00, 0.00, 26.00, 3.00, 0.00, 0.00, 2.00, 0.00),
(736, 'Starbucks Blueberry Muffin', 360.00, 16.00, 8.00, 0.00, 35.00, 150.00, 45.00, 0.00, 24.00, 6.00, 0.00, 2.00, 6.00, 0.00),
(737, 'Starbucks Chocolate Chip Cookie', 310.00, 16.00, 7.00, 0.00, 25.00, 150.00, 38.00, 0.00, 21.00, 4.00, 0.00, 0.00, 4.00, 0.00),
(738, 'Starbucks Cranberry Orange Muffin', 360.00, 14.00, 7.00, 0.00, 30.00, 140.00, 47.00, 0.00, 26.00, 5.00, 0.00, 2.00, 6.00, 0.00),
(739, 'Starbucks Classic Fries', 230.00, 11.00, 1.00, 0.00, 0.00, 330.00, 30.00, 3.00, 0.00, 1.00, 0.00, 0.00, 0.00, 1.00),
(740, 'Starbucks Sweet Potato Fries', 150.00, 6.00, 1.00, 0.00, 0.00, 400.00, 28.00, 4.00, 8.00, 2.00, 0.00, 0.00, 2.00, 2.00),
(741, 'Starbucks Veggie Protein Box', 470.00, 23.00, 5.00, 0.00, 0.00, 600.00, 46.00, 9.00, 12.00, 23.00, 10.00, 20.00, 8.00, 3.00),
(742, 'Starbucks Cheese & Fruit Protein Box', 420.00, 17.00, 8.00, 0.00, 30.00, 400.00, 47.00, 7.00, 21.00, 22.00, 12.00, 6.00, 10.00, 3.00),
(743, 'Starbucks Hummus & Veggies Protein Box', 420.00, 22.00, 4.00, 0.00, 0.00, 350.00, 45.00, 9.00, 12.00, 11.00, 8.00, 25.00, 6.00, 3.00),
(744, 'Starbucks Grilled Chicken Protein Box', 480.00, 20.00, 5.00, 0.00, 35.00, 600.00, 43.00, 10.00, 7.00, 34.00, 10.00, 10.00, 8.00, 3.00);
INSERT INTO `food_nutritional_facts` (`foodid`, `foodname`, `calories`, `total_fat`, `saturated_fat`, `trans_fat`, `cholesterol`, `sodium`, `total_carbs`, `dietary_fiber`, `sugars`, `protein`, `vit_a`, `vit_c`, `calcium`, `iron`) VALUES
(745, 'Starbucks Egg & Cheese Protein Box', 450.00, 23.00, 11.00, 0.00, 275.00, 280.00, 40.00, 6.00, 4.00, 22.00, 14.00, 0.00, 8.00, 2.00),
(746, 'Starbucks Chocolate Croissant', 300.00, 15.00, 9.00, 0.00, 35.00, 100.00, 31.00, 1.00, 17.00, 5.00, 2.00, 0.00, 2.00, 1.00),
(747, 'Starbucks Ham & Swiss Croissant', 290.00, 16.00, 8.00, 0.00, 40.00, 230.00, 26.00, 1.00, 4.00, 13.00, 6.00, 2.00, 0.00, 2.00),
(748, 'Starbucks Spinach & Feta Croissant', 280.00, 16.00, 7.00, 0.00, 25.00, 110.00, 25.00, 2.00, 9.00, 9.00, 9.00, 8.00, 0.00, 2.00),
(749, 'Starbucks Bacon & Gouda Croissant', 310.00, 17.00, 8.00, 0.00, 40.00, 250.00, 28.00, 1.00, 1.00, 12.00, 12.00, 6.00, 0.00, 2.00),
(750, 'Starbucks Reduced Fat Bacon & Cheddar Muffin', 220.00, 10.00, 5.00, 0.00, 25.00, 230.00, 26.00, 3.00, 10.00, 10.00, 6.00, 0.00, 0.00, 2.00),
(751, 'Starbucks Classic Oatmeal', 160.00, 3.00, 0.50, 0.00, 0.00, 115.00, 31.00, 4.00, 13.00, 5.00, 2.00, 0.00, 0.00, 2.00),
(752, 'Starbucks Oatmeal with Dried Fruit & Nuts', 300.00, 10.00, 1.50, 0.00, 0.00, 160.00, 53.00, 5.00, 26.00, 6.00, 2.00, 0.00, 0.00, 4.00),
(753, 'Starbucks Iced Lemon Pound Cake', 320.00, 18.00, 10.00, 0.00, 55.00, 90.00, 36.00, 1.00, 20.00, 4.00, 4.00, 0.00, 2.00, 2.00),
(754, 'Starbucks Lemon Loaf', 300.00, 15.00, 9.00, 0.00, 40.00, 150.00, 34.00, 1.00, 17.00, 5.00, 2.00, 0.00, 2.00, 2.00),
(755, 'Starbucks Cake Pop', 170.00, 7.00, 3.50, 0.00, 10.00, 25.00, 25.00, 0.00, 14.00, 2.00, 0.00, 0.00, 2.00, 2.00),
(756, 'Starbucks Marshmallow Dream Bar', 290.00, 15.00, 6.00, 0.00, 30.00, 100.00, 36.00, 2.00, 20.00, 6.00, 1.00, 0.00, 0.00, 2.00),
(757, 'Starbucks Chocolate Chip Muffin', 400.00, 18.00, 9.00, 0.00, 45.00, 250.00, 56.00, 3.00, 26.00, 5.00, 6.00, 2.00, 2.00, 2.00),
(758, 'Starbucks Roasted Potato', 140.00, 6.00, 0.50, 0.00, 0.00, 300.00, 20.00, 3.00, 1.00, 1.00, 3.00, 0.00, 6.00, 1.00),
(759, 'Starbucks Chilled Protein Drink', 200.00, 4.00, 1.00, 0.00, 5.00, 150.00, 28.00, 19.00, 0.00, 8.00, 14.00, 0.00, 4.00, 2.00),
(760, 'Starbucks Hot Chocolate', 310.00, 10.00, 6.00, 0.00, 30.00, 270.00, 43.00, 2.00, 38.00, 7.00, 7.00, 0.00, 4.00, 3.00),
(761, 'Starbucks Iced Hot Chocolate', 350.00, 13.00, 7.00, 0.00, 35.00, 300.00, 45.00, 3.00, 42.00, 8.00, 8.00, 0.00, 5.00, 4.00),
(762, 'Starbucks Vanilla Bean Frappuccino (Tall)', 290.00, 7.00, 4.00, 0.00, 30.00, 180.00, 49.00, 2.00, 44.00, 5.00, 8.00, 0.00, 2.00, 3.00),
(763, 'Starbucks Vanilla Bean Frappuccino (Grande)', 370.00, 9.00, 5.00, 0.00, 40.00, 250.00, 64.00, 3.00, 56.00, 7.00, 9.00, 0.00, 3.00, 4.00),
(764, 'Starbucks Vanilla Bean Frappuccino (Venti)', 460.00, 11.00, 6.00, 0.00, 50.00, 320.00, 80.00, 3.00, 68.00, 8.00, 10.00, 0.00, 4.00, 5.00),
(765, 'Starbucks Mocha Frappuccino (Tall)', 320.00, 11.00, 6.00, 0.00, 30.00, 180.00, 46.00, 3.00, 36.00, 5.00, 7.00, 0.00, 3.00, 3.00),
(766, 'Starbucks Mocha Frappuccino (Grande)', 410.00, 14.00, 8.00, 0.00, 35.00, 250.00, 60.00, 3.00, 47.00, 6.00, 9.00, 0.00, 4.00, 4.00),
(767, 'Starbucks Mocha Frappuccino (Venti)', 500.00, 17.00, 10.00, 0.00, 45.00, 320.00, 74.00, 4.00, 58.00, 8.00, 11.00, 0.00, 5.00, 5.00),
(768, 'Snickers Bar', 250.00, 12.00, 4.50, 0.00, 10.00, 120.00, 33.00, 1.00, 27.00, 4.00, 0.00, 0.00, 4.00, 2.00),
(769, 'Mars Bar', 230.00, 9.00, 5.00, 0.00, 5.00, 110.00, 36.00, 1.00, 30.00, 2.00, 0.00, 0.00, 8.00, 2.00),
(770, 'Twix Bar (2 pieces)', 280.00, 14.00, 11.00, 0.00, 10.00, 85.00, 37.00, 1.00, 28.00, 2.00, 0.00, 0.00, 4.00, 1.00),
(771, 'KitKat (4 fingers)', 210.00, 11.00, 7.00, 0.00, 5.00, 60.00, 27.00, 1.00, 22.00, 3.00, 0.00, 0.00, 4.00, 1.00),
(772, 'Reese’s Peanut Butter Cups (2 cups)', 210.00, 13.00, 4.00, 0.00, 5.00, 130.00, 24.00, 1.00, 21.00, 5.00, 0.00, 0.00, 2.00, 2.00),
(773, 'Hershey’s Milk Chocolate Bar', 220.00, 13.00, 8.00, 0.00, 10.00, 90.00, 25.00, 1.00, 24.00, 3.00, 0.00, 0.00, 8.00, 2.00),
(774, 'M&M’s (Plain, 1.69 oz pack)', 240.00, 10.00, 6.00, 0.00, 5.00, 110.00, 34.00, 1.00, 30.00, 2.00, 0.00, 0.00, 4.00, 2.00),
(775, 'M&M’s (Peanut, 1.74 oz pack)', 250.00, 13.00, 5.00, 0.00, 0.00, 200.00, 30.00, 2.00, 26.00, 5.00, 0.00, 0.00, 4.00, 2.00),
(776, 'Lays Classic Potato Chips (1 oz)', 160.00, 10.00, 1.50, 0.00, 0.00, 350.00, 15.00, 1.00, 0.00, 2.00, 0.00, 10.00, 0.00, 0.00),
(777, 'Doritos Nacho Cheese (1 oz)', 150.00, 8.00, 1.50, 0.00, 0.00, 50.00, 18.00, 2.00, 1.00, 2.00, 0.00, 0.00, 0.00, 2.00),
(778, 'Cheetos Crunchy (1 oz)', 160.00, 10.00, 1.50, 0.00, 0.00, 140.00, 15.00, 1.00, 1.00, 2.00, 0.00, 0.00, 2.00, 0.00),
(779, 'Pringles Original (1 oz)', 150.00, 9.00, 2.50, 0.00, 0.00, 150.00, 16.00, 1.00, 0.00, 1.00, 0.00, 0.00, 0.00, 0.00),
(780, 'Tostitos Tortilla Chips (1 oz)', 140.00, 7.00, 1.00, 0.00, 0.00, 40.00, 18.00, 2.00, 0.00, 2.00, 0.00, 0.00, 0.00, 0.00),
(781, 'Ruffles Original (1 oz)', 160.00, 10.00, 1.50, 0.00, 0.00, 180.00, 15.00, 1.00, 0.00, 2.00, 0.00, 0.00, 0.00, 0.00),
(782, 'Popcorn (Movie Theater Butter, 1 oz)', 160.00, 11.00, 4.00, 0.00, 0.00, 0.00, 14.00, 2.00, 0.00, 2.00, 0.00, 0.00, 0.00, 0.00),
(783, 'Oreos (3 cookies)', 160.00, 7.00, 2.00, 0.00, 0.00, 60.00, 25.00, 1.00, 14.00, 1.00, 0.00, 0.00, 0.00, 1.00),
(784, 'Chips Ahoy! Cookies (3 cookies)', 160.00, 8.00, 2.00, 0.00, 0.00, 40.00, 23.00, 1.00, 11.00, 2.00, 0.00, 0.00, 0.00, 1.00),
(785, 'Skittles (2 oz pack)', 250.00, 2.50, 2.50, 0.00, 0.00, 0.00, 56.00, 0.00, 47.00, 0.00, 0.00, 0.00, 0.00, 0.00),
(786, 'Gummy Bears (Haribo, 1.5 oz)', 140.00, 0.00, 0.00, 0.00, 0.00, 10.00, 33.00, 0.00, 20.00, 2.00, 0.00, 0.00, 0.00, 0.00),
(787, 'Sour Patch Kids (2 oz pack)', 210.00, 0.00, 0.00, 0.00, 0.00, 0.00, 52.00, 0.00, 45.00, 0.00, 0.00, 0.00, 0.00, 0.00),
(788, 'Haldiram’s Samosa (1 piece)', 140.00, 7.00, 2.00, 0.00, 0.00, 80.00, 18.00, 2.00, 1.00, 3.00, 2.00, 0.00, 1.00, 1.00),
(789, 'Kurkure Masala Munch (1 pack, 40g)', 190.00, 10.00, 2.50, 0.00, 0.00, 90.00, 22.00, 1.00, 0.00, 3.00, 0.00, 0.00, 0.00, 0.00),
(790, 'Parle-G Biscuits (5 pieces)', 110.00, 3.00, 1.00, 0.00, 0.00, 30.00, 18.00, 0.00, 8.00, 2.00, 0.00, 0.00, 0.00, 0.00),
(791, 'Britannia Little Hearts (1 pack, 50g)', 230.00, 11.00, 5.00, 0.00, 0.00, 20.00, 32.00, 0.00, 12.00, 2.00, 0.00, 0.00, 0.00, 1.00),
(792, 'Lay’s India’s Magic Masala Chips (1 pack, 52g)', 290.00, 17.00, 3.00, 0.00, 0.00, 300.00, 31.00, 2.00, 2.00, 4.00, 0.00, 0.00, 0.00, 0.00),
(793, 'Haldiram’s Bhujia (50g)', 260.00, 18.00, 3.00, 0.00, 0.00, 160.00, 18.00, 2.00, 1.00, 5.00, 0.00, 0.00, 0.00, 1.00),
(794, 'Bikanervala Aloo Bhujia (50g)', 250.00, 15.00, 2.50, 0.00, 0.00, 150.00, 20.00, 2.00, 1.00, 4.00, 0.00, 0.00, 0.00, 0.00),
(795, 'Cadbury Dairy Milk (45g)', 240.00, 13.00, 8.00, 0.00, 10.00, 100.00, 26.00, 0.00, 24.00, 3.00, 2.00, 0.00, 8.00, 0.00),
(796, 'Amul Dark Chocolate (40g)', 200.00, 12.00, 6.00, 0.00, 0.00, 140.00, 24.00, 3.00, 15.00, 3.00, 0.00, 0.00, 6.00, 1.00),
(797, 'Perk Chocolate (1 bar, 25g)', 120.00, 6.00, 3.00, 0.00, 5.00, 50.00, 15.00, 0.00, 12.00, 2.00, 0.00, 0.00, 2.00, 0.00),
(798, '5 Star Chocolate (40g)', 210.00, 11.00, 6.00, 0.00, 5.00, 70.00, 26.00, 0.00, 22.00, 2.00, 0.00, 0.00, 4.00, 1.00),
(799, 'Haldiram’s Kaju Katli (1 piece, 30g)', 150.00, 7.00, 1.50, 0.00, 0.00, 50.00, 18.00, 1.00, 10.00, 4.00, 0.00, 0.00, 2.00, 1.00),
(800, 'Jalebi (1 piece, 30g)', 150.00, 0.00, 0.00, 0.00, 0.00, 20.00, 35.00, 0.00, 25.00, 0.00, 0.00, 0.00, 1.00, 0.00),
(801, 'Kachori (1 piece)', 200.00, 10.00, 3.00, 0.00, 0.00, 90.00, 25.00, 2.00, 3.00, 4.00, 0.00, 0.00, 2.00, 1.00),
(802, 'Vada Pav (1 piece)', 300.00, 15.00, 3.00, 0.00, 0.00, 250.00, 35.00, 3.00, 2.00, 6.00, 2.00, 5.00, 3.00, 2.00),
(803, 'Haldiram’s Rasgulla (1 piece)', 120.00, 4.00, 2.00, 0.00, 10.00, 30.00, 18.00, 0.00, 15.00, 2.00, 1.00, 0.00, 5.00, 0.00),
(804, 'Frooti (200ml pack)', 80.00, 0.00, 0.00, 0.00, 0.00, 50.00, 20.00, 0.00, 18.00, 0.00, 2.00, 20.00, 0.00, 0.00),
(805, 'Maaza (200ml pack)', 90.00, 0.00, 0.00, 0.00, 0.00, 60.00, 22.00, 0.00, 20.00, 0.00, 2.00, 10.00, 0.00, 0.00),
(806, 'Bisleri Soda (300ml)', 0.00, 0.00, 0.00, 0.00, 0.00, 0.00, 0.00, 0.00, 0.00, 0.00, 0.00, 0.00, 0.00, 0.00),
(807, 'Thums Up (300ml)', 150.00, 0.00, 0.00, 0.00, 0.00, 0.00, 39.00, 0.00, 35.00, 0.00, 0.00, 0.00, 0.00, 0.00),
(808, 'sample1', 1.00, NULL, NULL, NULL, NULL, NULL, NULL, NULL, NULL, NULL, NULL, NULL, NULL, NULL),
(809, 'newfood', 123.00, 12.00, 23.00, 11.99, 23.00, 179.99, 35.00, 45.00, 33.00, 46.00, 12.00, 23.00, 34.00, 343.00);

-- --------------------------------------------------------

--
-- Table structure for table `goal_table`
--

CREATE TABLE `goal_table` (
  `Goal_id` int(11) NOT NULL,
  `Goal_type` varchar(25) NOT NULL
) ENGINE=InnoDB DEFAULT CHARSET=utf8mb4 COLLATE=utf8mb4_general_ci;

--
-- Dumping data for table `goal_table`
--

INSERT INTO `goal_table` (`Goal_id`, `Goal_type`) VALUES
(1, 'gain weight'),
(2, 'lose weight'),
(3, 'maintain weight'),
(4, 'manage stress'),
(5, 'improve endurance'),
(6, 'water intake'),
(7, 'sleep tracking');

-- --------------------------------------------------------

--
-- Table structure for table `progress_tracking`
--

CREATE TABLE `progress_tracking` (
  `user_id` int(11) NOT NULL,
  `date` date NOT NULL,
  `calories_burnt` decimal(10,2) NOT NULL,
  `weight` decimal(5,2) NOT NULL,
  `water` decimal(5,2) DEFAULT NULL,
  `sleep` decimal(4,2) DEFAULT NULL
) ENGINE=InnoDB DEFAULT CHARSET=utf8mb4 COLLATE=utf8mb4_general_ci;

--
-- Dumping data for table `progress_tracking`
--

INSERT INTO `progress_tracking` (`user_id`, `date`, `calories_burnt`, `weight`, `water`, `sleep`) VALUES
(7, '2024-11-15', 716.00, 55.00, 2.00, 12.00),
(7, '2024-11-16', 31832.15, 55.00, 12.00, 8.00),
(7, '2024-11-17', 198764.00, 79.00, 1.00, 5.00),
(7, '2024-11-18', 254.05, 98.00, 4.00, 6.00),
(7, '2024-11-30', 1214.00, 45.00, 4.00, 8.00),
(10, '2024-11-15', 2474.00, 55.00, 3.00, 5.00),
(19, '2024-12-01', 1077.95, 54.00, 8.00, 10.00),
(20, '2024-12-01', 764.00, 52.00, 2.00, 10.00),
(20, '2024-12-02', 804.00, 52.00, 3.00, 11.00),
(21, '2024-12-01', 8558.00, 78.00, 4.00, 9.00),
(22, '2024-12-01', 800.00, 70.00, 7.00, 9.00);

-- --------------------------------------------------------

--
-- Table structure for table `recommendations`
--

CREATE TABLE `recommendations` (
  `goal_id` int(11) NOT NULL,
  `workout_rec` varchar(200) DEFAULT NULL,
  `nutrition_rec` varchar(200) DEFAULT NULL
) ENGINE=InnoDB DEFAULT CHARSET=utf8mb4 COLLATE=utf8mb4_general_ci;

-- --------------------------------------------------------

--
-- Table structure for table `users`
--

CREATE TABLE `users` (
  `user_id` int(11) NOT NULL,
  `user_name` varchar(45) NOT NULL,
  `email` varchar(100) NOT NULL,
  `pass_word` varchar(100) NOT NULL,
  `dob` date NOT NULL,
  `weight` decimal(5,2) DEFAULT NULL,
  `height` decimal(5,2) DEFAULT NULL,
  `gender` char(2) DEFAULT NULL,
  `age` int(11) DEFAULT NULL
) ENGINE=InnoDB DEFAULT CHARSET=utf8mb4 COLLATE=utf8mb4_general_ci;

--
-- Dumping data for table `users`
--

INSERT INTO `users` (`user_id`, `user_name`, `email`, `pass_word`, `dob`, `weight`, `height`, `gender`, `age`) VALUES
(1, 'niharika25', '23bcs053@iiitdmj.ac.in', '$2y$10$Br8CEcRCMb2ZL5LOXJ1CWesxozOgs02G3UAr/tCwzUU0DXjHAmab6', '0000-00-00', 55.00, 190.00, 'F', 18),
(2, 'niharika', 'niharikabanoth25@gmail.com', '$2y$10$Br8CEcRCMb2ZL5LOXJ1CWesxozOgs02G3UAr/tCwzUU0DXjHAmab6', '2006-01-25', 66.00, 189.90, 'Fe', 18),
(4, 'navya', 'navya@gmail.com', '$2y$10$pzmMCIvJWmn1ejbLnmzhAezEPl2gdLs.xBlc8q6AvViyZu/0gHhnG', '0000-00-00', NULL, NULL, NULL, NULL),
(5, 'charu', 'charu25@gmail.com', '$2y$10$6hIuLRJqgSMW0Ea525X1Kue4ic037kvk5wTnjH3TPAOQCaHhuKwkG', '0000-00-00', NULL, NULL, NULL, NULL),
(7, 'brownie', 'brownie@gmail.com', '$2y$10$DLabqJ7zTFqom1d2fCh5a.YmP87f.kEtjSN7ZCUsrKl7VdK7dPVy.', '2000-12-01', 65.90, 190.00, 'Fe', 9),
(8, 'amulya', 'amulya25@gmail.com', '$2y$10$3/tDmemB3Ox6FWLRkLw1f.XIpa8GqTAEw.ziqNhpgO75vetVprSTi', '0005-02-01', 54.90, 170.00, 'Fe', 20),
(9, 'new25', 'new@gmail.com', '$2y$10$5ze0Dq.sTUPF/himc0QLSu/04MNSN2i.5lJ2D1Y6UL58fNCazgr0e', '2000-11-11', 55.00, 45.00, 'Ma', 12),
(10, 'chanakya', 'chanakya25@gmail.com', '$2y$10$M.HD56Bt7yk2LSPgBmlGQeM5lIEPbsCABwRBbUWRBMB4/8m.IA9.O', '2006-01-08', 69.00, 186.00, 'Ma', 24),
(11, 'niki123', 'new@gmail.com', '$2y$10$v95hDdifcBg9yUFoLKHifOlBXFbtFhrMYggQMFQ6fLmfJV3WHcxV2', '2000-06-05', 55.00, 189.00, 'Ma', 18),
(12, 'niki1234', 'new@gmail.com', '$2y$10$P59QjTgKiFS0M7DRdRUEreh/71c8atdT6y9ZrVhQ4gQIUKwfDFUme', '2000-06-05', 55.00, 189.00, 'Ma', 18),
(13, 'niki12345', 'new@gmail.com', '$2y$10$BDohZnvoG6YPJExRn8/rCeQxW6bchlJM6K.RUMqoZpPBLr3qRO6Py', '2000-06-05', 55.00, 189.00, 'Ma', 18),
(14, 'charu1234', 'new@gmail.com', '$2y$10$APz97UHPotAVHvcNg1d0beoB4v.NkGCmhPQ.4/jiv0TZfdcbChLii', '2000-06-05', 55.00, 189.00, 'Ma', 18),
(15, 'bhanu1234', 'new@gmail.com', '$2y$10$NTMBKLmFyS2lDJrcBpzXSe938Y3HvRezaL666yg/ABiyYHBBlWEw.', '2000-06-05', 55.00, 189.00, 'Ma', 18),
(16, 'charu2604', 'charu@gmail.com', '$2y$10$1.GMLPRGPp2bks/iNvbSDOY3qpyR4HU5aupqX7aSzk0Sh2940nyTe', '2004-01-26', 50.00, 190.00, 'Fe', 19),
(17, 'charu26041456', 'charu@gmail.com', '$2y$10$sPxDBg/Ru/7L3qtlPbwTouOzVMsrsvz7otKzy/uB1AfRE/DvmJI.y', '2004-01-26', 50.00, 190.00, 'Fe', 19),
(18, 'henry', 'summers@gmail.com', '$2y$10$tqszIRQ1adBeonocPb2oaOWKEZCOJ0lbRg8mJkD5WgTpwIJqFCotW', '2000-11-21', 49.90, 180.00, 'Ma', 23),
(19, 'kabir', 'kab@gmail.com', '$2y$10$ta146uM33IfbozFRMAWTceg4TWvI2tAHjs0CK2uRawdJg/B048X1C', '2000-12-02', 54.00, 184.90, 'Ma', 17),
(20, 'Neeharika', 'pagal@gmail.com', '$2y$10$.gphDvv2u4mKVKY9t52OG.mUkChmjbQmYagLKcsCv4P11ELXzkH6K', '2006-03-19', 54.00, 153.00, 'Fe', 18),
(21, 'newuser1', 'new@gmail.com', '$2y$10$zWCGXnxtDoH2qKQ6LEeOB.dJXIYMLJfz0R.4LqtQTBZhoez4VvVW6', '1999-01-05', 70.00, 190.00, 'Fe', 25),
(22, 'newuser2', 'newmail@gmail.com', '$2y$10$hfqZAYIf7C2CBn4naqMel.qW6sBop2IQN5nlP8j8A5Q5S1qu1SOvm', '2000-05-01', 66.00, 190.00, 'Fe', 27),
(23, 'bujjibabu123', 'bujjibabu90@gmail.com', '$2y$10$xOD2MG1pjqAslnY413cn6ue6BA5vbngos.n.HcjnA4U3ekP.3ikB6', '1967-04-03', 70.00, 190.00, 'Ma', 40);

-- --------------------------------------------------------

--
-- Table structure for table `user_goals_table`
--

CREATE TABLE `user_goals_table` (
  `user_id` int(11) NOT NULL,
  `goal_id` int(11) DEFAULT NULL,
  `target_value` int(11) DEFAULT NULL
) ENGINE=InnoDB DEFAULT CHARSET=utf8mb4 COLLATE=utf8mb4_general_ci;

--
-- Dumping data for table `user_goals_table`
--

INSERT INTO `user_goals_table` (`user_id`, `goal_id`, `target_value`) VALUES
(1, 5, 0),
(7, 3, 0),
(10, 4, 0),
(18, 1, 70),
(19, 1, 70),
(20, 2, 45),
(21, 4, 0),
(22, 5, 0),
(23, 3, 0);

--
-- Indexes for dumped tables
--

--
-- Indexes for table `admin_users`
--
ALTER TABLE `admin_users`
  ADD PRIMARY KEY (`id`),
  ADD UNIQUE KEY `username` (`username`);

--
-- Indexes for table `day_food_intake`
--
ALTER TABLE `day_food_intake`
  ADD PRIMARY KEY (`date`);

--
-- Indexes for table `food_intake_diary`
--
ALTER TABLE `food_intake_diary`
  ADD PRIMARY KEY (`id`),
  ADD KEY `foodid` (`foodid`);

--
-- Indexes for table `food_nutritional_facts`
--
ALTER TABLE `food_nutritional_facts`
  ADD PRIMARY KEY (`foodid`);

--
-- Indexes for table `goal_table`
--
ALTER TABLE `goal_table`
  ADD PRIMARY KEY (`Goal_id`);

--
-- Indexes for table `progress_tracking`
--
ALTER TABLE `progress_tracking`
  ADD PRIMARY KEY (`user_id`,`date`);

--
-- Indexes for table `recommendations`
--
ALTER TABLE `recommendations`
  ADD PRIMARY KEY (`goal_id`);

--
-- Indexes for table `users`
--
ALTER TABLE `users`
  ADD PRIMARY KEY (`user_id`);

--
-- Indexes for table `user_goals_table`
--
ALTER TABLE `user_goals_table`
  ADD PRIMARY KEY (`user_id`),
  ADD KEY `goal_id` (`goal_id`);

--
-- AUTO_INCREMENT for dumped tables
--

--
-- AUTO_INCREMENT for table `admin_users`
--
ALTER TABLE `admin_users`
  MODIFY `id` int(11) NOT NULL AUTO_INCREMENT, AUTO_INCREMENT=5;

--
-- AUTO_INCREMENT for table `food_intake_diary`
--
ALTER TABLE `food_intake_diary`
  MODIFY `id` int(11) NOT NULL AUTO_INCREMENT, AUTO_INCREMENT=96;

--
-- AUTO_INCREMENT for table `food_nutritional_facts`
--
ALTER TABLE `food_nutritional_facts`
  MODIFY `foodid` int(11) NOT NULL AUTO_INCREMENT, AUTO_INCREMENT=810;

--
-- AUTO_INCREMENT for table `users`
--
ALTER TABLE `users`
  MODIFY `user_id` int(11) NOT NULL AUTO_INCREMENT, AUTO_INCREMENT=24;

--
-- Constraints for dumped tables
--

--
-- Constraints for table `food_intake_diary`
--
ALTER TABLE `food_intake_diary`
  ADD CONSTRAINT `food_intake_diary_ibfk_1` FOREIGN KEY (`foodid`) REFERENCES `food_nutritional_facts` (`foodid`);

--
-- Constraints for table `progress_tracking`
--
ALTER TABLE `progress_tracking`
  ADD CONSTRAINT `progress_tracking_ibfk_1` FOREIGN KEY (`user_id`) REFERENCES `users` (`user_id`);

--
-- Constraints for table `recommendations`
--
ALTER TABLE `recommendations`
  ADD CONSTRAINT `recommendations_ibfk_1` FOREIGN KEY (`goal_id`) REFERENCES `goal_table` (`Goal_id`);

--
-- Constraints for table `user_goals_table`
--
ALTER TABLE `user_goals_table`
  ADD CONSTRAINT `user_goals_table_ibfk_1` FOREIGN KEY (`user_id`) REFERENCES `users` (`user_id`),
  ADD CONSTRAINT `user_goals_table_ibfk_2` FOREIGN KEY (`goal_id`) REFERENCES `goal_table` (`Goal_id`);
COMMIT;

/*!40101 SET CHARACTER_SET_CLIENT=@OLD_CHARACTER_SET_CLIENT */;
/*!40101 SET CHARACTER_SET_RESULTS=@OLD_CHARACTER_SET_RESULTS */;
/*!40101 SET COLLATION_CONNECTION=@OLD_COLLATION_CONNECTION */;
